Timestamp,Reactor Temp (°C),Coolant Flow Rate (L/s),Pressure (MPa),Radiation Level (μSv/h),Turbine Speed (RPM),Pump Status,Power Output (MW),Control Rod Position (%),Steam Flow Rate (kg/s),Vibration Level (mm/s),Water Level (m),Anomaly Detected
2024-10-16 10:00:00,357.4507122951685,471.8783675397186,15.639131223331374,0.35281935390840014,3301.4040544270715,ON,978.5182510736246,61.91414054977228,220.49160456333672,1.0904744923487262,5.07744652777851,No
2024-10-16 10:01:00,347.9260354824322,463.5589168831212,16.088410436069697,0.38426716456524423,3188.520926985193,ON,934.9445366804327,71.73156355112444,220.3183397625139,2.9342635940365454,5.21348014232902,No
2024-10-16 10:02:00,359.7153280715104,471.83446254548426,15.726659957706367,1.2149436287357778,2920.9102990489855,ON,978.550964131379,66.84975784325829,205.98109157652294,1.3030911760628974,5.198166193336629,Yes
2024-10-16 10:03:00,372.84544784612035,478.1494704355458,15.864172444836973,0.6002048456872447,3058.417811865185,ON,1048.2384947151222,66.32919066939493,221.16378084229586,2.0920596991640847,5.1882589699655135,No
2024-10-16 10:04:00,346.48769937914994,470.7329010548856,16.83672604514927,0.8346390004594377,3147.4506504626993,OFF,1064.9993686131068,62.76750898229656,240.95140266097738,2.0345425963621357,5.189138334506166,No
2024-10-16 10:05:00,346.4879456457623,470.60887536805825,16.670230525895175,0.362730185499734,2880.821206285177,ON,1048.0152584043335,67.67462026899497,226.67452473064264,0.5946858416909582,5.188392918987952,No
2024-10-16 10:06:00,373.68819223261085,459.47012468289864,15.350209381536201,0.36604411613350835,3052.1942683953534,ON,910.2904066725282,75.42250265145464,220.46595139598398,1.8663414884160956,5.28730660663321,No
2024-10-16 10:07:00,361.51152093729365,460.0564862367358,16.414866208939586,0.9245954427749826,3330.466067635336,ON,1054.1572606330367,69.87405658235261,217.57349078251497,2.224206624739555,5.260898444649244,No
2024-10-16 10:08:00,342.9578842109757,448.9609209230046,16.405698277245797,0.19512713653454034,3485.461072857843,ON,908.0740688363965,73.13840208937238,224.96300542609526,2.1771546907594304,5.2418911611372785,No
2024-10-16 10:09:00,358.13840065378946,496.2436511478041,15.425868355623692,0.47543586962841855,3116.11304946829,ON,1044.9058662061175,78.32320910983137,231.24649942733777,2.4517603419017506,4.896601063785473,No
2024-10-16 10:10:00,343.04873460781306,451.34205146913075,16.40938882187743,0.6102082233216696,3351.2976708632195,OFF,981.6107736714472,71.31877792411288,229.1385824633463,1.806254342547283,5.229979487416316,No
2024-10-16 10:11:00,343.0140536964461,459.6064220330614,16.768965959206277,0.6334117805520157,2817.1879858825064,ON,1035.1266656966927,67.2060021396883,215.0220270726703,2.3562522210460806,5.034436063982992,No
2024-10-16 10:12:00,353.62943407349053,459.22389101646206,15.438727596877794,0.5462720144951531,3331.890248222722,OFF,933.3775826052718,72.33626107591395,224.8717239116517,1.655335465959964,5.264632016313583,No
2024-10-16 10:13:00,321.30079633013304,483.4238656541666,15.541248589492868,0.7187459343287769,3039.210317054504,ON,1058.5583816353073,67.27851926842854,227.19909611722417,1.2947662917936125,5.347449736757052,No
2024-10-16 10:14:00,324.1262325123045,465.5757548256196,16.50883073342175,0.8078567267453435,3261.4691233415942,ON,926.7512626947555,67.47788658351415,204.89207518709532,1.3511358121593837,5.1073760887411455,No
2024-10-16 10:15:00,341.5656870613854,488.716131090106,16.135747655412825,0.820391263637799,3150.4495163520583,ON,966.5772544573412,62.400536001905074,222.5234581177554,1.2689447724022926,5.173821927765729,No
2024-10-16 10:16:00,334.80753319498365,459.897640636342,16.27573813761976,0.30425885739965197,3464.082801956767,ON,950.0952686115482,74.63128745542195,187.58044170546458,2.504792983945597,5.140064429494701,No
2024-10-16 10:17:00,354.7137099889291,474.18491243335706,16.170294608200248,0.5147534706213608,3025.1128703320164,ON,912.285757358875,68.0699871217528,227.23800564731778,1.2427132454707217,5.32354317757568,No
2024-10-16 10:18:00,336.3796388671818,457.46979420110364,16.195347960464073,0.9584288585630814,3325.521259512366,OFF,1004.7263783794234,70.91049122907931,229.90514581844022,2.1370194203246515,5.209502788527208,No
2024-10-16 10:19:00,328.8154444799706,502.1772369166008,15.33676393584446,0.8683941562721617,3144.0985073406932,ON,1090.304455891848,64.8201903569668,231.2131918867969,1.8670379029637836,5.372832938056634,No
2024-10-16 10:20:00,371.9847315338233,452.18602371455734,16.523658853310724,0.18814216455568084,3168.3389043980674,OFF,1133.3452611160005,72.17973814857736,214.0742972174565,1.9486757132746841,5.241375420294739,No
2024-10-16 10:21:00,346.61335549270194,474.6473106534054,16.584794996213887,0.7054439701056605,3163.229221368158,ON,1004.8577893543124,66.19029380932459,224.63570252536053,2.6818036475998497,5.224245018063582,No
2024-10-16 10:22:00,351.01292307031883,479.50665321398145,15.885304627965986,0.006532425187556923,3030.8653791011775,ON,1055.834063753376,69.29145639149088,241.3593076831175,1.7807863163923634,5.206820678260284,No
2024-10-16 10:23:00,328.62877720679813,476.2069864617725,15.97826152509307,0.6140804706181109,3197.1802068186657,ON,1011.6047318964269,74.38913015619563,241.20654472436888,2.3058007807748417,5.281799209925734,No
2024-10-16 10:24:00,341.83425913212227,467.2206851168344,15.234446248722138,1.1693301050237932,3187.4703555756355,ON,1024.9441597384107,73.95379656116265,219.5624095116016,2.0187816756905557,5.0262313801754654,No
2024-10-16 10:25:00,351.663838845648,468.05268950399864,16.257127378008917,0.3156321848193041,3248.248049681346,OFF,982.8925674436381,69.8898496374153,222.0897944609434,1.9239905471836511,5.208534395552051,No
2024-10-16 10:26:00,332.73509633866547,470.65717207968663,16.28602872085707,0.34970308635252534,3216.9010291385725,ON,1009.7538462711301,61.15934483646641,236.6636671710165,3.1499845621932367,5.192995355627204,No
2024-10-16 10:27:00,355.63547027518507,467.79496997557266,15.968904491500345,0.8292089344718578,3359.598909922447,ON,1026.8739352303214,84.9640528503032,197.48796977106738,1.279329127142315,5.272541882715776,No
2024-10-16 10:28:00,340.9904196512179,484.4581867519236,16.562176679935252,0.13715954543710623,3384.7017232094736,ON,971.0770135561834,78.72929485136568,215.15386385984462,2.6445659177187224,5.181229839412596,No
2024-10-16 10:29:00,345.62459375310084,503.15784502387027,15.83296138451003,0.4101734910344883,2989.8753356344396,ON,996.1252850053506,73.61337412444149,240.03355683305134,2.328203282744986,5.096126556583733,No
2024-10-16 10:30:00,340.97440081655907,461.6376232248825,16.2823029629468,0.7789323412745257,3373.7545001181543,ON,997.0784940501256,66.23398109204514,234.6280081252715,1.760237502684108,5.20073506749197,No
2024-10-16 10:31:00,377.78417276763406,449.4529553063138,15.490167830653942,0.40971424569317905,2962.732714578029,ON,1041.3201658665262,69.43203919149018,225.53895666474858,2.814659258720806,5.091715947113165,No
2024-10-16 10:32:00,349.797541628931,468.6757692747312,15.988223924562881,0.5292090038367085,3317.571177627547,ON,946.698391418616,67.28289785111741,197.41251392004068,1.0759449438057316,5.007473778741252,No
2024-10-16 10:33:00,334.1343360656615,508.69564006481477,15.912822871048583,0.8232557130945104,3323.9477569405735,ON,997.4228895696174,76.31927969548194,219.25134650438258,1.7391166713504642,5.272712248148549,No
2024-10-16 10:34:00,362.33817368154786,457.94488148045406,16.11265396102047,0.7264638250609683,2817.736621667499,ON,1095.6002734526348,71.31251445425917,211.151269056251,1.3957588978654618,5.257906157269467,No
2024-10-16 10:35:00,331.68734525043465,494.586752081661,15.81523653558332,0.6800455188886205,3218.595849305882,ON,1058.203007629297,66.07918070820084,224.9655835422582,2.20604173243573,5.246709094399358,No
2024-10-16 10:36:00,353.1329539250713,495.1655122111466,15.934263702164166,0.49826331621898834,3106.300777327937,ON,1067.4589524444352,67.6462245043761,207.8597997280768,1.4434679494064113,5.330292842194582,No
2024-10-16 10:37:00,320.6049481418034,461.69617637438006,16.413023585720754,0.7110183345806866,3048.246948412925,ON,1001.2215920089017,75.60594071284952,204.61414907538088,2.2165319733706594,5.133496810969608,No
2024-10-16 10:38:00,330.07720926652354,478.53474618777915,15.78161788138089,0.562880195970073,3470.170466139801,ON,1016.0498781843012,78.00048923410239,189.02702083474537,1.906781792089223,5.0568885857228745,No
2024-10-16 10:39:00,352.95291853803684,494.42594934692806,15.19671144963066,0.7373416829777354,3069.2641718725163,ON,1050.1118083351462,77.64165781743122,238.3270702746505,1.7603230286719578,5.1929970223191955,No
2024-10-16 10:40:00,361.07699869993115,464.31308388518767,16.87479195210271,0.4509203924646065,3038.72461417639,ON,1078.0127764765466,73.78516032526989,214.00344232835414,2.1943236230166554,5.165249970029409,No
2024-10-16 10:41:00,352.57052421784954,466.9462945984646,16.690727039345244,0.5452293076861376,3215.138988001019,ON,902.4198543558557,68.73687565598682,222.357186755538,1.8656891880309678,5.1157704283229934,Yes
2024-10-16 10:42:00,348.2652757641764,461.27478629077035,15.35386865244719,0.3030126622343958,3337.1179492596834,ON,934.2279346475077,53.7924308733544,219.96642825288728,1.4556825784704808,5.192015084651221,No
2024-10-16 10:43:00,345.48344456616064,454.778649039607,16.344853902622596,0.5894977169981293,3171.670282797975,ON,1065.4722050701323,71.4858001190411,203.9884910055925,3.4006864948174895,5.138839485379542,No
2024-10-16 10:44:00,327.8221701444886,460.2608368240099,15.748512614724328,0.35669974091134654,3433.2741091338503,ON,986.1555322115598,69.9908562057795,201.1140263282771,1.7564164084854277,5.016399471664317,No
2024-10-16 10:45:00,339.2023368740794,451.6408959985662,16.13174360766553,0.265786064951402,3306.1951323928183,OFF,966.4139605370962,70.69991048160676,204.92027311004148,0.8911954599239926,5.155882330920624,No
2024-10-16 10:46:00,343.09041843560317,470.5112520238884,16.147112064506747,0.6775983443566164,2764.357736053714,ON,937.2919506502199,70.26948673516603,209.1524734175591,1.5789506551393058,5.086362483329615,No
2024-10-16 10:47:00,365.85683339328375,458.4504015341204,15.882796099841839,0.6638219327572981,3094.106607298598,ON,972.2491649227945,63.368689190254216,225.4990937052071,1.366361655813635,5.223164807161092,No
2024-10-16 10:48:00,355.15427434352694,473.5067886768612,15.608117167206801,0.8348621204845716,3087.63158012966,ON,929.8815358288088,72.78704278425593,208.06423504719083,2.413072808020258,5.134396524175934,No
2024-10-16 10:49:00,323.55439766955897,446.6615653069456,15.65472947384187,0.4706623291274703,3295.8721906858846,ON,1104.5547136366238,73.16108157015925,246.19735947391933,2.160826329795793,5.3111631474141054,No
2024-10-16 10:50:00,354.86125954092194,474.96320348321683,15.541904042259379,0.7224158540510267,2675.036588725178,ON,998.8781974009713,73.4116939102983,235.40726553839727,2.199356400895172,5.360386606726787,No
2024-10-16 10:51:00,344.22376579375526,482.50293442413385,15.584088895884777,0.7652392716820989,3709.8019417435444,ON,997.1024729118641,74.73288501786693,232.12539324498562,1.8149887670813778,5.267938137301191,No
2024-10-16 10:52:00,339.8461699954106,440.09396536142816,15.966410854975322,0.7334321423494784,3306.205218978842,ON,1029.4038337583916,73.02025822460811,218.20511646290274,1.8603248764715392,5.044897381801668,No
2024-10-16 10:53:00,359.175144332613,475.6108485477136,15.642120005444625,0.35230389515935734,3229.7753607835384,ON,1048.1172584633284,67.94985294230544,242.71421103580727,1.8145344481961658,5.350519599887904,No
2024-10-16 10:54:00,365.46499283743924,488.4150348870994,16.34102603285631,0.6448090446813567,3436.3135432838294,ON,1047.294407827732,69.64581576041955,216.72991553318315,1.959403407932265,5.357572045037377,No
2024-10-16 10:55:00,363.969201786743,451.8553847196319,16.743623077667962,0.7092420888163984,3668.730810562525,ON,1053.6810971953785,70.45562433626688,219.5310787876863,2.4176667176824176,5.201879051130795,No
2024-10-16 10:56:00,337.4117371516604,495.08858580256555,15.70997337931498,0.6021535400723825,3374.1493289176806,ON,968.4577224604571,70.5384972455331,222.54961809623904,2.1680377062526732,5.332292616033554,No
2024-10-16 10:57:00,345.36181436223177,476.28528514049066,16.11970225026769,-0.025943297511325403,3389.762619294324,ON,985.1066597521569,74.99108827985864,230.52734560815017,2.2500564148104334,5.144832486195332,No
2024-10-16 10:58:00,354.96895147105346,459.42482216362384,16.249842555151467,0.6481468871920439,3226.1380048928763,ON,1038.4515827721139,73.21834376511245,229.5536211850448,2.2497794541246012,5.013375406515041,No
2024-10-16 10:59:00,364.6331769068354,469.1634638351344,16.236001135459638,1.2637593118191726,3171.6948493266104,ON,973.630546918019,80.38671719784976,212.87312082333096,2.442221218690869,5.123971556137841,No
2024-10-16 11:00:00,342.81238643232064,478.37490368782585,16.037977633958043,0.49198821937290516,3104.84091119902,OFF,999.7446683986387,81.03234489942336,212.0050942086107,2.1440750207701273,5.372930086604476,No
2024-10-16 11:01:00,347.21511535004277,471.14008087118617,16.37134120917986,0.3815768706434036,3034.7776016570915,ON,1019.9381882212407,70.39824791306962,229.59854435728127,2.1794240363394595,5.050892007638852,No
2024-10-16 11:02:00,333.40497538990957,478.08133988669556,16.241124476340328,0.7120045679134195,3062.5971800601005,ON,1039.2592541155188,50.81672225770315,230.7285487583685,2.5944031205965783,5.19995212819315,No
2024-10-16 11:03:00,332.05690063878995,456.18989610380953,15.381168788836352,0.6937134631399715,2929.888807131403,ON,911.11595188149,76.18416233063633,214.09973312765692,1.667477040998444,5.2034143893340215,No
2024-10-16 11:04:00,362.187887335913,472.54041236054115,16.434578032194636,0.9578205496249244,3184.825709862995,OFF,1035.7372824944473,67.29811830506473,196.1921789548232,1.5721287100242465,5.148702575603219,No
2024-10-16 11:05:00,370.34360042856235,448.7942825464253,16.44364541863337,0.22263955322733364,2863.0664845547226,ON,988.3137971074137,65.99258039084496,216.89025855987634,1.407039200406572,5.155647840016289,No
2024-10-16 11:06:00,348.919848176295,468.3316090797695,15.618356947910708,0.8194140757724977,3238.183304828742,ON,1035.3728855432191,68.00777362505316,229.35288698238787,2.091457281810128,5.20722491342362,No
2024-10-16 11:07:00,365.05299346838035,456.44138537802814,16.0189689177238,0.7771266183754391,3192.7338783915316,ON,1038.8465846177414,67.76678476592697,247.0812526962967,1.0731338793904384,5.1437837658065275,No
2024-10-16 11:08:00,355.4245403757145,458.9670508611535,16.341664496405535,0.5573560389178361,3229.3870596773377,ON,1080.3957530559578,73.06134905052696,202.03063056489006,2.2310770480298387,5.057794150283207,No
2024-10-16 11:09:00,340.32320368092314,488.5413976281566,15.89534309021032,0.7016061953765069,3095.5736859960016,OFF,1067.6726823810602,62.20282110436887,213.6014312075414,1.9454034527497237,5.221503194294346,No
2024-10-16 11:10:00,355.4209340826262,486.36965180891406,16.536489023883007,0.9088372444795072,3815.3720740361005,ON,1067.3285831305147,64.611396271042,214.15894657711937,2.5673198499105285,5.307336658244497,No
2024-10-16 11:11:00,373.07054849698955,479.13707181360763,17.18193624730968,0.8616946140085351,3472.0231800360625,ON,1072.183515958312,71.71579277098708,240.33708009147253,1.6640413447675046,5.286957251865342,No
2024-10-16 11:12:00,349.4626094133507,453.6153085299113,15.607006983682508,0.2570942063778814,2951.0914999830557,OFF,1014.5689492407973,73.11472015206654,219.47587749312052,1.8983408572912466,5.119026453261019,Yes
2024-10-16 11:13:00,373.4696548372101,465.25387325457797,15.309477698423112,0.8460474560266453,3246.5736174853796,ON,1001.609254351842,73.20770822468006,206.390101609416,2.5611016666466844,5.074877208462232,No
2024-10-16 11:14:00,310.70382343865384,488.19646549968775,16.151909297802437,0.5805934184902445,3078.398771412535,ON,1043.6408541589167,66.0648186053335,228.38042924382728,2.691567823389076,5.171581211784522,Yes
2024-10-16 11:15:00,362.3285375656284,472.1257537045986,16.360781252563072,0.6218622294046546,2997.1040546585173,ON,1036.604047571651,65.1086717536688,213.93042219938582,1.65992381712409,5.356779150979566,No
2024-10-16 11:16:00,351.30570602357255,504.7899430997254,15.884566813077615,0.6219590973005084,2931.985585775213,ON,984.546688163087,67.4668258310604,201.63419089963068,2.09089061629358,5.264559807895955,No
2024-10-16 11:17:00,345.51488974301196,475.8997675909156,16.726630331660516,0.554927103360522,3286.4433381518506,ON,1020.2411704404134,71.19936376142363,206.60840039085775,2.147209488842024,5.270396467679424,No
2024-10-16 11:18:00,351.37641164803256,472.88073674735045,15.330697100138376,0.9575122491321195,3063.7239529860854,ON,998.2451766607703,77.42738684636275,246.01062931633928,2.186826702810574,5.28898569517855,No
2024-10-16 11:19:00,320.1864662809866,465.3632530369625,16.346459311515805,0.5748846120452363,3393.5652048050406,ON,957.3033545769972,59.76281407114625,225.76313832474193,1.868712170342189,5.242076656251859,No
2024-10-16 11:20:00,346.7049216824373,472.0031135717342,15.697069589620554,0.26413616148504937,3398.7564429060876,ON,1064.5230370688175,68.89635621520817,221.61640083178816,2.6406916990618177,5.212060854761358,No
2024-10-16 11:21:00,355.3566885726762,467.71295245429184,16.85968895310365,0.4819410432090813,3474.78287704229,OFF,1002.7599621265044,63.336607794873984,216.2515939628193,1.0551482581892273,5.266230689664797,No
2024-10-16 11:22:00,372.16841067112273,480.6216301503289,16.996257676584058,0.6536084150431427,3029.5226467851794,ON,1102.4354128849425,61.73878661323255,224.382232631782,1.789434882599458,5.145383389578198,No
2024-10-16 11:23:00,342.2259467258953,484.35053475191876,15.616671706108326,0.9687644352891152,3295.073122138402,OFF,918.7253864900083,74.83478322672408,224.20353919003742,2.2239653663864734,5.058553698863368,No
2024-10-16 11:24:00,337.8725959566022,458.21015809238077,15.72522143204571,0.78092840548465,3326.49084332846,ON,972.1610613578317,72.72312287249669,224.3825324231099,2.2286124059746717,5.272299693462433,No
2024-10-16 11:25:00,342.47364434623194,450.0315056966333,16.4297939434899,0.34483941637588683,3105.164364979207,ON,1001.6319418345436,72.24716757973631,221.72267635416628,2.6763795153073815,5.323773810574923,No
2024-10-16 11:26:00,363.7310317655311,442.45691940345057,15.806434675105242,1.3455569750036673,3045.645608521425,OFF,1056.8690548814457,74.60512919865496,233.03197507458324,2.5991126966006437,5.088176806064397,No
2024-10-16 11:27:00,354.9312666448953,477.61986990368814,15.977294391033881,0.6794325932933939,3521.9041331551944,ON,1019.9734686301092,67.60140551616932,220.34656519001098,1.8572291873463882,5.28219214824159,No
2024-10-16 11:28:00,342.0535969434944,453.4495009073919,16.012694210271206,0.9826172213997044,3245.499175146411,ON,1015.5236377090375,67.83681241833236,205.33091746671042,2.6499356217653025,5.368076571338819,No
2024-10-16 11:29:00,357.69901149670034,437.7066411057128,15.040163421901172,0.5544856699268312,3327.1935501423477,ON,943.6368103722926,80.92865308361287,210.81365663648697,1.6429791281112727,5.199775379824288,No
2024-10-16 11:30:00,351.45616324022063,475.82867906796446,15.993081126952882,0.7600077734116348,3035.5847976344144,ON,942.1529301385265,68.76714472870214,190.31471959765432,2.465443691395919,5.118199781525826,No
2024-10-16 11:31:00,364.5296748579933,507.39499276149184,15.655136112967913,0.8518405513555214,2956.143106695561,ON,1016.1252330144953,73.67566056527046,250.4022567406359,2.9052612392104966,5.212301867352676,No
2024-10-16 11:32:00,339.4692035918397,469.9089363269016,15.753438588800114,0.9654584135262767,3086.1100451015777,OFF,931.794700309082,70.03190770481658,232.9413188792903,2.6074720534274847,5.14494660317993,No
2024-10-16 11:33:00,345.08506780103346,482.5773616167746,16.721816001734407,0.9172104916134675,3175.195722522001,ON,973.4061124855335,60.758707349607924,207.54894257306145,2.0528851917620616,5.13832698900436,No
2024-10-16 11:34:00,344.11837770301764,471.2274403782135,15.371746552860373,0.8616591000218934,2987.15599863653,ON,1025.045866454293,59.77685498099366,215.7723272590435,1.834110614113939,5.2433184067271545,No
2024-10-16 11:35:00,328.0472757780182,468.5166552021329,16.40660259337399,0.5054739806417674,3198.0310382699236,ON,950.8837863861612,67.10507890030047,210.4468528869035,1.235704351870357,5.039627052497011,No
2024-10-16 11:36:00,354.44180415596867,483.7861472448165,15.860518534834096,0.4284761874131816,2862.2989623863,ON,1080.2677981180902,75.28050625834994,243.13820817061176,2.155269818957102,5.055607107750777,No
2024-10-16 11:37:00,353.91582908269834,465.64588183717024,15.860119915752083,0.6997822530972593,2975.9905155060255,ON,1061.1968172118945,73.94145828318001,198.70184253593607,1.4423913860145405,5.201929088037394,No
2024-10-16 11:38:00,350.0767018496369,474.0108847110785,16.395185948025855,0.8799384217023207,3334.182249655375,ON,921.4290000830849,74.57038582112017,221.71714088228168,1.6034326681930315,5.197769146108757,No
2024-10-16 11:39:00,346.4811929993728,474.8254670929402,16.170025647284444,0.5331837897670179,3320.7581040555788,ON,953.3814378409006,65.06476910531842,218.37208236152728,1.4046270996316643,5.234355457703994,No
2024-10-16 11:40:00,328.7694388692438,459.97864319535427,16.285306498609767,0.9195515897143159,3121.6246469226267,ON,885.7111377752525,78.07936245061157,232.40257946063673,1.7698038336716724,5.387522538848339,No
2024-10-16 11:41:00,343.6903201585196,484.88063524304783,16.48409233026643,1.035785023645854,2996.4471381846092,OFF,960.8704318725934,65.17553349906808,218.43986158412957,1.986015292756509,5.210451403607582,No
2024-10-16 11:42:00,344.85928225209847,467.37560364956886,15.834345808408338,0.32510372427797407,2994.519289694798,ON,1038.31942382862,71.06412199334984,193.62686685016848,2.1368072905828526,5.25981721503348,No
2024-10-16 11:43:00,337.9658409616757,458.66382260760736,15.693881632746125,0.348923788861116,3125.346350811737,ON,979.3052528862571,69.94823855046131,216.2332324803634,1.6997466822930183,5.102446706438537,No
2024-10-16 11:44:00,347.58071432500986,478.04764765355606,15.457424736721102,0.557887482328399,3328.9036983290584,ON,1023.0398621807984,69.13063089842707,205.41756673085013,2.5346418531975914,5.276793766351654,No
2024-10-16 11:45:00,356.0607628522181,456.52298027313446,15.587294735010522,0.6922838004567589,3385.649138268865,ON,923.8832840859128,76.69296069147804,221.1936931983484,1.895897371005017,5.147360913488932,No
2024-10-16 11:46:00,378.292788518158,470.4227173605369,17.47454721265436,0.44262989586988466,3100.693652903606,ON,1039.8987627290953,66.4744473991702,241.5126555478049,1.6061387833672405,5.20714208325811,No
2024-10-16 11:47:00,352.6186671924776,469.8632150503369,16.622339790368393,1.0056608036601433,2969.301514803043,OFF,972.2445386035826,63.25197372144036,193.90862133651584,2.113146133621718,5.189115137493084,No
2024-10-16 11:48:00,353.8632558608415,486.2884334874737,15.32446281689599,0.7272200584555353,3253.5687275732666,ON,1000.6084841141453,70.0999774310321,207.99665896900143,2.981776416771908,5.303297423491403,No
2024-10-16 11:49:00,348.8833112635075,477.1204734931993,15.338771021628215,0.6118341144722218,3035.29300587483,OFF,995.3562749303474,68.00086632856737,211.70960569324754,2.167580283267559,5.0690023445625005,No
2024-10-16 11:50:00,321.21843177051437,469.62459561882287,16.240933030859246,0.16922714283944174,3096.3494722277596,ON,936.4225739553858,86.88691459541323,214.27553356880182,1.8185721863131965,4.9716761365384965,No
2024-10-16 11:51:00,349.6022918682618,482.2664944880043,16.273632398688985,0.20525525507174786,3465.0552180874074,OFF,942.3457834130108,73.38253738219987,231.10188496157866,1.236269321940648,5.178656730291208,No
2024-10-16 11:52:00,350.9034531491154,490.8531132352597,16.27444191765868,0.6843027750845418,3365.423085713154,ON,1048.3897234501712,67.95329712390688,217.3968337365792,1.8902938395139648,5.246853125690513,No
2024-10-16 11:53:00,386.9486316872793,478.36715459527795,15.872522103223151,-0.03977868784645089,3231.5948624502903,OFF,1019.9496078750848,64.71944215406457,226.23704088580666,2.117464062544058,5.21522693758075,No
2024-10-16 11:54:00,347.11458552828316,470.1552892976507,15.93727286999855,0.9037912228932214,2945.616199777455,ON,1052.5024520776713,60.598557947156074,210.61340434402337,1.806209554372215,5.323220423741391,No
2024-10-16 11:55:00,354.5232101350042,450.3224565147476,16.16393976207968,0.5525538466883039,3242.2793134941317,ON,1016.2329117751259,64.87390457131283,223.44886518126907,1.1673076808795002,5.243737267417967,Yes
2024-10-16 11:56:00,349.4793234544214,454.0232950538694,16.042946503146666,1.5729278908784199,3412.5314581575053,OFF,1007.1495317404608,70.57470885879566,231.66696446316573,1.574717305248283,5.143615166814014,No
2024-10-16 11:57:00,332.469829435707,465.42162943467997,14.890349813626232,1.2923748751848332,3124.873266846893,ON,913.6994690666617,77.13664325797384,209.01550675394367,2.727269230443879,4.967457984586032,No
2024-10-16 11:58:00,367.1423422177253,460.85731696761076,15.885100184712403,0.5455652792257449,3470.222817997343,ON,986.4816651619415,75.6084457119396,231.72037179709773,2.7170005018652303,5.1762687765804785,No
2024-10-16 11:59:00,361.2789954903016,467.1954304552183,15.574296782869844,0.5680988992406055,3458.5490579036414,ON,998.6307839798128,71.14547415823189,220.78559153091354,1.556680415397701,5.30279590022578,No
2024-10-16 12:00:00,361.8654792056457,470.84974887345663,16.087605709454255,0.8986744542006089,3532.7465664286947,OFF,1097.6553599136287,68.38416167148758,235.68190360723378,2.336378393599711,5.160795221733289,No
2024-10-16 12:01:00,336.3591881780789,477.94539131535095,17.492629501301707,1.1109517829754112,3261.0486253062704,ON,1034.3478316049338,71.34406178206078,216.9787014988454,1.4107136076149132,5.202832026367776,No
2024-10-16 12:02:00,371.0419146640415,468.9425183291136,16.18374083273715,0.10859128276919494,3317.4783399612024,ON,1076.8030590854764,67.40681001257713,225.71866982743148,2.702158140997476,5.242136025430671,No
2024-10-16 12:03:00,328.97223405811576,477.297524657393,15.843235156913801,0.06408736039359397,3482.837457666218,ON,1029.8768852947364,78.59181997881937,219.39090652482204,2.1226179239471183,5.098470762575019,No
2024-10-16 12:04:00,358.80285640700407,470.9671162221518,16.460900750988625,0.41338955833368557,3289.478787413795,ON,964.4348386525261,69.0540490936246,218.55681606939132,2.474820749308267,5.262323589663882,No
2024-10-16 12:05:00,382.85683438714966,440.36800150469196,16.241343943604605,0.7748212749521592,3099.7531784419575,OFF,1005.8562108074925,69.56831070876636,223.88395642338534,1.1424533264087304,5.363712179000171,No
2024-10-16 12:06:00,335.1419551230397,455.9099690927187,16.21004724522592,0.7490620771522791,3110.291432694428,ON,1011.8111823132117,58.92088787489666,228.05211203837356,2.338818550962444,5.182718664810659,No
2024-10-16 12:07:00,341.50553405595844,467.8386866641758,16.303425296607834,0.9209314364951551,3247.710990754748,ON,953.0422215114659,69.02282576738618,201.25652632113992,1.9961629681577482,5.08709355781677,No
2024-10-16 12:08:00,351.4947704763146,451.8545788573834,17.02827178241477,0.24009074149040754,2941.8877156107565,OFF,980.7806311703539,74.18242068982471,241.50450413226815,2.4259645353954213,5.193339897297803,No
2024-10-16 12:09:00,342.447865188257,478.9989309499431,15.434555782337043,-0.09484315889066297,3171.3482169271615,ON,989.7116503161413,64.66138711480727,192.10505439175301,2.457433899048925,4.977561589139113,No
2024-10-16 12:10:00,326.740048534008,492.96126248515543,16.236816038405728,0.8574042585906436,3419.3094236460506,ON,1080.2809916282558,66.24639832753594,209.72781835391658,2.0328923447373746,5.233690326397662,No
2024-10-16 12:11:00,351.02844462209043,488.28142777545975,15.53680943500923,0.35154111811042965,2761.7492297669437,ON,895.962973730451,73.96355508866833,218.5859639385265,1.6995851804520425,5.245227437764858,No
2024-10-16 12:12:00,334.06544429410843,466.7983569360469,16.277756323171126,-0.0055463593165914205,3506.896420358903,ON,1060.290921035802,62.616713882409734,226.18533953628923,2.389848091089747,5.367563629384557,Yes
2024-10-16 12:13:00,357.1038864595277,492.3608920527493,15.540656744256953,0.6435191237878145,3424.474843740632,ON,953.1602382520308,75.28900503770959,243.64258791612068,1.9699227502974361,5.180600520743337,No
2024-10-16 12:14:00,336.20863648649294,472.2300118580317,15.791316593197458,0.8379527064656032,3108.0470768339046,ON,931.3960406365193,67.33928054913449,192.1256276766234,1.5636075232361788,5.240848533814647,No
2024-10-16 12:15:00,373.2490160752631,464.9437104332294,15.852455042881047,0.5633828603636168,3308.678165574362,ON,1058.997106501923,68.05715889754399,212.38458807415435,1.5399238842711571,5.11387118976141,No
2024-10-16 12:16:00,338.2512006149564,460.7989600468859,16.487908359672353,0.4626454841452532,3200.6295453812654,ON,1036.594903461719,64.38060797437203,188.09749768301103,1.2614177918438092,5.164357287947492,No
2024-10-16 12:17:00,345.1690772569149,465.4629547026781,16.459227221971208,0.552191330356228,3445.9980736877365,ON,1062.7259351190594,71.89023130213941,220.4743296086537,1.7448544202184684,5.04748145633378,No
2024-10-16 12:18:00,362.20275826054507,464.1773477218816,15.377141311776807,0.4888251712797651,3396.536628553988,ON,1040.0350973772788,82.2993599251469,224.07525376750047,2.551346023037189,5.180521037871676,No
2024-10-16 12:19:00,331.53703525349067,472.5562433356323,16.027467055499926,0.19558586641794984,2919.985855363398,ON,1102.9922500868702,73.90748619730316,243.8619361325688,2.088914899852717,5.169469084648144,Yes
2024-10-16 12:20:00,353.41189901906193,472.40860971574796,15.645210072625414,0.38559579690287044,3317.4524826928355,ON,1027.9361918472243,65.67857369029733,221.80952141340182,1.7351161470384797,5.2299199766088895,No
2024-10-16 12:21:00,369.6071413142364,470.04569030230124,15.370747544662333,0.7563839715041443,3158.8744292713504,ON,992.176131193842,75.67810292745737,235.6603769416357,2.4024279690900396,5.137640311966736,No
2024-10-16 12:22:00,325.8877514815816,476.55407254619524,15.891491474787815,0.69650356241295,3216.56651410362,ON,1017.1463188660671,68.41660227032875,228.75755622308588,1.5837616891383055,5.208334535097509,No
2024-10-16 12:23:00,352.76950787798455,487.85969412179514,15.84575860577209,0.6504179417900461,3054.365619806037,ON,1062.1734564172982,76.8724249071378,213.4712770449225,2.0476751371663893,5.166661994439234,No
2024-10-16 12:24:00,353.89824191372634,484.24331203161984,17.21335824317276,0.30145545544398616,3549.627413824167,ON,961.0312337369942,74.03338201082181,198.8655887981194,1.9101848136372424,5.166850061170049,No
2024-10-16 12:25:00,361.7273430766597,447.72653047325144,16.21647991268035,0.5455490513592999,3408.012363980515,ON,967.405570873431,55.28429217264133,224.12503447437717,2.389565312794176,5.208036232596303,No
2024-10-16 12:26:00,331.44573933682875,431.69118297647066,15.311191249622881,-0.05311951393285641,3052.0457672054067,ON,984.5519992701046,64.97960183522486,197.61846974281954,1.2113858145402496,5.204052294231701,No
2024-10-16 12:27:00,330.1931508037359,484.0147986685891,15.717612997914529,0.6535429991656169,2933.0778786179535,ON,894.7708600617334,74.72192611417695,239.42810609004465,1.574901127092672,5.276117403905164,No
2024-10-16 12:28:00,357.82912348425344,449.4968195237687,16.5106916477147,1.02865731234407,3122.86547380443,ON,1006.9039204208774,70.7582863607251,217.56906846944764,1.1808771704527332,5.187935696587017,No
2024-10-16 12:29:00,354.4547700984978,466.62851897160976,17.044221386434963,0.1577603603873683,3286.900529218261,OFF,905.6935648024487,64.88122026146075,237.92766117267124,1.870201639095365,5.1650114650877,No
2024-10-16 12:30:00,353.75739275518816,452.4483046091096,15.207008343881022,0.42422169800467335,3248.0411687892447,OFF,1002.652965646631,66.83205242253094,212.796783488014,2.6057137518162152,5.181919255491278,No
2024-10-16 12:31:00,355.19672314245463,442.9702934362997,15.060037807430477,0.6987320336130388,3450.6265649536485,ON,1043.2644878067624,60.4688168995531,224.03276179601488,1.7472763951732364,5.128533588315901,No
2024-10-16 12:32:00,339.79962917632264,478.1219409230718,16.93548258768589,0.975852790328245,3357.9839444361705,ON,976.1561769678082,69.55813356236801,223.14023286002032,1.7446580309021746,5.164008890643333,No
2024-10-16 12:33:00,353.48380545741503,481.3873274045397,16.19480708868545,0.46553261510995514,3393.9138051505815,ON,1083.8557935093436,81.05344863007882,219.32433822983614,2.435862212092068,5.403115871307323,No
2024-10-16 12:34:00,354.3960870994802,461.3523439890992,15.565853634061817,0.3923249012202311,3265.3710801220873,ON,926.9749550290755,74.02466695366162,213.51010729905113,2.53427477922765,5.108732123930413,Yes
2024-10-16 12:35:00,339.28472872960447,431.13436561782635,16.267314543061218,0.009323057275175017,2922.140253957802,ON,1059.5630340815917,80.95208500594211,225.88684027705781,1.955714466365605,5.172134366612069,No
2024-10-16 12:36:00,377.98661766717134,461.80633327621274,14.682126130491561,0.6310314387924318,3160.8602937706196,ON,1033.756852820346,74.4119854489499,206.10755104775188,2.342357427024946,5.161251133673031,No
2024-10-16 12:37:00,357.1074938136768,475.8770600810382,16.00168775329858,1.212622812043123,3412.017947981733,ON,914.1983375844655,75.13739671676346,201.8584700656141,1.4615227295610267,5.17528283877556,No
2024-10-16 12:38:00,332.1304475419603,447.81632646838807,16.163910586421544,0.6832075385894028,3189.695414295071,ON,1135.5397149520265,79.87039343872512,238.6424033999024,2.688987166962707,5.166876069112161,No
2024-10-16 12:39:00,359.8483041295074,472.7503987966873,16.462135069768916,0.593316306244886,3300.618073724749,ON,996.8127357248017,71.88631629671113,230.9075198333815,3.0743531469685257,5.2279240101221,No
2024-10-16 12:40:00,335.3797749465902,469.7703522624051,15.493052023853732,0.6966246932300956,3136.2503369507735,ON,956.1257988922184,69.06386339246559,220.9883741290336,2.2606078955943625,5.02898248986082,No
2024-10-16 12:41:00,361.8062690561368,478.6893724940163,16.04284358070168,0.5966723988154193,2994.037630291631,ON,929.6456402607992,75.16328758311006,244.97713573815673,0.9578341893285998,5.3037171472532005,Yes
2024-10-16 12:42:00,367.37893368511106,471.7937055262123,15.537287686970206,0.35609568832196103,3175.331187190778,ON,988.9990986170163,77.26920118560942,215.98351721912732,1.7208848688011078,5.26325827996422,No
2024-10-16 12:43:00,337.68976522472434,455.4039658867767,16.127691877837158,0.8469839747033115,3261.809488606531,ON,993.629656380502,67.60017678643895,239.8405482998347,2.3064126608346607,5.0757128413936865,No
2024-10-16 12:44:00,364.45064193866483,487.94857252496735,15.552326838818487,0.6677284569335263,3068.8624561077113,ON,1005.1322764269833,66.39215458829986,222.63361127388734,1.7892585014168185,4.97309227270476,No
2024-10-16 12:45:00,356.19171390404745,467.62205640459547,15.79594958041989,0.6052839755800972,3152.8577510286664,ON,985.110192188802,70.6942801621544,204.62873874885415,2.636099277125049,5.10229278538586,No
2024-10-16 12:46:00,362.33090239991736,469.59043190735105,15.502092302604886,0.307390191816525,3012.1073516028036,ON,1031.6612655057547,74.15749433465831,247.72060287656274,2.2940786322179325,5.175733353857288,No
2024-10-16 12:47:00,378.45189473980923,456.0009806139021,16.32556812091183,0.9910523795804277,3423.8489835128194,ON,980.6185083668377,73.9904552433078,234.86066269936128,1.6467622496171017,5.458029189869078,No
2024-10-16 12:48:00,346.31917825995697,463.35076623212734,16.429225558328334,0.799410823599933,3141.108848482393,ON,903.2517941379765,62.879161999062006,218.18468453485653,2.016132405385626,5.254325696497427,No
2024-10-16 12:49:00,338.69395753463766,456.72795928959647,15.882689715021293,0.4341237487898094,3490.5511090252367,OFF,992.5319252175179,79.5580303353166,230.90756889300923,1.553083389680455,5.019241035081855,No
2024-10-16 12:50:00,336.65728355561714,467.40580910114863,16.019118997480014,0.9005474561045812,3505.7495701081816,OFF,881.6261173313361,66.79417535301575,213.9444484900314,1.9087075607937791,5.131034449509905,No
2024-10-16 12:51:00,337.76284572551845,495.67562720213516,15.275704292683228,0.45072874848443784,3183.7908070556514,ON,1017.6885315445695,68.6746750155571,232.43723552589313,1.7227033797837241,5.194678756372702,No
2024-10-16 12:52:00,348.84347435878846,449.4214828560297,15.850161675996606,0.3653989522466889,2998.31025349053,ON,951.0349884858682,65.4867282000609,184.1338215207406,2.587380900116519,5.22536835542981,No
2024-10-16 12:53:00,355.11727962224967,445.79657903184886,15.974897691479127,0.37208906475591386,2782.8204244533326,ON,1008.16801774579,83.49164417968544,204.70297999458109,3.0580060284154973,5.068525113968958,No
2024-10-16 12:54:00,354.1503619899503,492.06755491240415,17.310396545514987,0.06867943407357269,2905.592585394642,OFF,1065.7037490762302,71.21035335143984,234.68889616430445,1.284405833382124,5.186500977202294,No
2024-10-16 12:55:00,362.40774873554034,466.86014484272204,15.444016487112918,0.7414627141254617,2925.233035020268,ON,952.5625652366,65.74512459659218,216.2551669267162,1.038391856895124,5.128236086238946,No
2024-10-16 12:56:00,350.1950283781686,459.96390892010123,16.732088619376217,0.050656536498495,3475.693925492301,OFF,1053.0628129256058,74.31961774981222,223.11313442333113,1.8774137890743072,5.089624143739768,No
2024-10-16 12:57:00,371.8030111573598,485.59857031094117,16.498429386732905,0.23146685062027123,3223.164917445389,ON,978.3305216656923,73.84567889655017,199.7982150682685,1.2407921505856587,5.225959564669895,No
2024-10-16 12:58:00,346.03014750143063,460.91576690394703,16.14031820224507,-0.022676402723559974,3277.9209048183975,ON,1087.6597401032793,69.06136488210058,247.71800493553155,2.0231058018354586,5.277387717344283,No
2024-10-16 12:59:00,390.8025374988443,497.39014570320404,16.879310242097567,0.5741790921627321,2755.915798212975,OFF,981.7423693400893,74.20303356391692,237.85794465576515,2.3744680569029635,5.284104127696162,No
2024-10-16 13:00:00,359.3850102164751,480.16888807008905,16.18605273630343,0.5549038619184383,2960.406714156548,ON,957.9753507246654,65.87354019584568,216.98972172437004,2.7470709486334126,5.257438635113388,No
2024-10-16 13:01:00,337.14263665375574,462.68132887781445,16.194579597833965,0.5019911360440907,3377.4159552892575,ON,1034.3619225197644,67.53540862525374,213.9295621470501,2.1006972793576404,5.150263046685974,No
2024-10-16 13:02:00,333.93661252908333,502.35962319898255,15.973439673491228,0.28722669159882713,3257.3548224765173,ON,978.2105135188182,59.94891672716969,235.4440654212954,1.9034223875752105,5.271454976146351,No
2024-10-16 13:03:00,357.2370862286478,460.9142761549499,16.611784441209313,0.24832987396900796,3170.5589442628807,ON,957.9275242935496,63.380244578902186,249.7370567525339,1.0108075417134579,5.230905443810429,No
2024-10-16 13:04:00,346.64805822011226,481.1314305801396,16.548234616905443,0.7393109590639723,3312.9684717200244,ON,976.1080074648105,79.03815402835343,234.3064038371703,2.0130925745928994,5.213394188295202,No
2024-10-16 13:05:00,360.71000741138135,474.4893887060974,15.687161356251893,0.4348344204874537,3527.159561227163,ON,997.7696733908499,78.20714313861157,252.57704001094902,2.035643630274731,5.13883068782982,No
2024-10-16 13:06:00,357.09856436860315,489.52611934098195,15.340376402700617,0.6949074964608434,3155.79150729259,ON,1067.1090065622427,70.32894324324481,206.16473006407122,2.3194784071063728,5.150312387265847,No
2024-10-16 13:07:00,348.90756631014693,493.4226679509028,15.898509681302171,0.33442539416273326,3213.873960531614,ON,903.2956127270212,78.31465723594918,207.70919754251815,1.6457559492354545,5.207388693612455,No
2024-10-16 13:08:00,337.2980942289739,470.4800622359865,15.599980717801177,0.6543188228313247,3238.519383746261,OFF,1001.154032947521,69.19962756695847,202.16588322919978,1.78247369988207,5.44398744669855,No
2024-10-16 13:09:00,327.277291629712,458.69873194480726,15.968237712692323,0.990983411194819,3678.4219270547983,ON,1031.2451797327021,68.78294848716045,226.6264097447422,1.260998872347908,5.230124248009139,Yes
2024-10-16 13:10:00,343.3022757189947,476.89958214408676,16.61871906734207,0.775849740117835,2780.128747116195,ON,1009.6724287495898,70.28255324232778,222.63405324706557,0.8543535965579674,5.138881149774972,No
2024-10-16 13:11:00,362.8459819148521,459.83426945371843,15.771349172456604,0.4762758545350559,3336.6446029577614,ON,1065.4932584716767,69.37539202338218,217.7207331479202,1.4457514546016084,5.116761055503056,No
2024-10-16 13:12:00,353.21140616195305,500.20080871289935,15.978588309344213,0.6771596911067782,3177.0395502481874,ON,996.2827335120738,68.9240183821991,232.13887942184948,1.2148370928734917,5.15082333873438,No
2024-10-16 13:13:00,331.3139183193202,472.0480299662411,16.0290113674042,0.527800447640936,3313.354345236836,ON,990.7724278907027,75.71699053574777,238.48492907821995,2.1683561477103055,5.417729344754907,Yes
2024-10-16 13:14:00,352.5977138877677,464.5201767303184,16.424215441102643,0.6023640554084184,3068.5254892010553,OFF,1029.616477350667,70.75067826978102,197.11506386069738,1.7409329716665713,5.160074335405404,No
2024-10-16 13:15:00,355.77976069593257,472.77020458797364,14.876555333007698,0.5023166843554489,3190.20699382831,ON,1004.9656907475675,73.56240882216902,211.04541958148326,1.7308814349626054,5.290687053461029,No
2024-10-16 13:16:00,336.742138456983,449.7931056570545,15.696649852617352,0.5506994382343826,3342.282115893099,ON,980.4795630859765,75.15690262638665,232.3021539118459,1.507793476912394,5.162407175452865,No
2024-10-16 13:17:00,352.3058765891829,455.42578942234024,16.105641846139736,0.6636280059222526,3822.5820402087684,ON,1025.807201979319,71.94092897827366,212.98391974212126,0.3837172837437832,5.226118454127963,No
2024-10-16 13:18:00,350.87313077669,488.0062086191664,16.600039478213432,0.3019923901254148,3361.6072378804142,ON,967.3735853391678,65.1486433704588,208.0269088546277,2.7541553743737754,5.279174527400873,No
2024-10-16 13:19:00,332.85544553254067,460.1465858154291,15.754048776246897,0.2952363519030065,3030.386880393898,OFF,969.4411423990337,63.23567055517981,235.2780614147559,1.4998647386116057,5.142809715019008,No
2024-10-16 13:20:00,355.36681040522427,454.2963352597709,15.061723646979063,0.18343723385063665,3115.2480635954594,ON,973.6002989117193,70.74390317403653,200.6574989541403,1.7937899650750464,5.135888834584724,No
2024-10-16 13:21:00,358.4117678955235,478.0497912879093,16.30985572298307,0.119918668648887,3109.317178323229,ON,1067.6534580083203,69.14371847587533,215.47630288313343,1.2725539173553448,5.365886969445533,No
2024-10-16 13:22:00,366.2457686476292,487.785562319945,15.682318805587185,0.23481519233385617,2840.871365473997,ON,838.9491822007143,70.43695714460061,224.92966038707212,2.485965171720317,5.29845928948958,No
2024-10-16 13:23:00,365.8070307805235,480.784299659976,15.40516667045482,0.6478387520412388,3133.9819616597124,ON,1019.7799417381472,69.91972980375706,211.39270129134823,2.071714468518662,5.279067231869073,No
2024-10-16 13:24:00,329.33495948064365,484.94071528708724,15.687827305143388,0.33216374535243476,3346.565816364349,ON,1001.7135907100111,82.91786830083284,231.74733484019762,1.5868173573670656,5.278727629312292,No
2024-10-16 13:25:00,335.93262440127313,458.64807367145806,15.907737321172075,0.7540843392693288,2945.1535761846408,ON,915.956477038094,63.34886872179331,211.46684537203947,1.803885194327988,5.2459575488311065,Yes
2024-10-16 13:26:00,357.7255290081299,448.67283999887235,15.697627667730893,0.6104141246257685,3409.6965302101185,ON,1015.4863389568001,60.050268650894374,241.1292924016888,2.839089961062435,5.401777581317507,No
2024-10-16 13:27:00,357.7067892636831,492.5200047793323,14.897216971450465,0.009448735968583866,3297.5549642168676,ON,1023.7875995915766,71.66188416759805,218.11380553756342,1.9635152840593608,5.204390830187716,No
2024-10-16 13:28:00,357.7257152945907,465.159802417368,16.448533098443566,0.7964926752665069,3053.1533356057926,ON,1029.48196156787,68.11788722705903,230.0690520505803,1.909133231192047,5.257726236720092,No
2024-10-16 13:29:00,407.79097235982084,466.2375047531743,16.63743752063936,0.843239593677513,3171.6940725324307,OFF,867.4085968477525,71.58033934864976,231.19035929474225,1.5293092569303675,5.054908707140599,No
2024-10-16 13:30:00,358.5633576603975,489.92291212773586,16.325760995669754,0.30184119754954397,3519.6643615282064,OFF,1068.319470592722,72.91941511142001,210.5868999588389,1.0527094247638487,5.117503931340876,No
2024-10-16 13:31:00,367.033484602709,478.3434501410099,15.431157164787592,0.7260574628684975,3346.709562701173,ON,963.1131647657579,76.42052347589448,189.19770177016167,1.9199806632103278,5.079918100016496,No
2024-10-16 13:32:00,364.310026452398,476.8383165812241,15.899254233026241,0.3430505287772403,3201.7567309796295,ON,1034.3283873376588,62.46387089808031,225.4113363199575,2.162742556162309,5.327406358351615,No
2024-10-16 13:33:00,359.77086876958697,502.4750351735163,15.99673934238527,0.6293011130245006,3152.4633366078033,ON,1037.0536890341143,67.21641051071418,221.08432520687305,2.549792232163835,4.944745984797925,No
2024-10-16 13:34:00,345.2709613303948,460.3472265442979,16.299397194780955,0.22065047791351028,3215.321814090332,ON,956.1651457190353,72.14380629440382,228.3373904136269,0.8757517327501723,5.159768997724728,No
2024-10-16 13:35:00,361.384538307399,483.91760192121853,16.33417024435904,0.06206806423962696,3097.647288411539,ON,1033.0229976175774,73.85231797843613,216.60208791425742,1.4374518364884854,4.900629339733938,No
2024-10-16 13:36:00,338.4076217819364,470.8551968734563,15.632913100610752,0.48515484311610935,2779.050098856197,ON,980.7253379543821,80.96724775144193,213.54358451798927,1.709629454721775,5.116871210451811,No
2024-10-16 13:37:00,346.4477208988999,474.02888418294884,16.04099777820678,0.5628813161175491,3608.435582106946,OFF,896.4311410330921,74.77851985556933,250.1270951647255,1.9982595757133992,5.150905105026814,No
2024-10-16 13:38:00,342.71954678256344,492.92702639618796,16.22864020230762,0.4806960919156188,3231.0649998398803,OFF,1058.387096276389,69.71605702056861,197.91468907733832,1.9274831542357889,5.338487109379405,No
2024-10-16 13:39:00,351.22811209079487,477.61753634434433,16.727911161073383,0.24479083253323214,3279.6294530245073,ON,961.247751849188,65.54782123528669,231.00925717546357,1.9391556571563653,5.239662793922146,No
2024-10-16 13:40:00,384.71987850010265,478.0744411857445,16.35225326991236,0.48003028136065884,3188.4184500246183,ON,957.2753268630972,67.1785507364049,211.38097212724912,2.2040480292849725,5.116685847667103,No
2024-10-16 13:41:00,321.99102211112375,486.08761005964703,16.39452834368776,0.6807884257742202,3052.9766398550823,ON,979.8467065981639,67.03648588521446,214.96332073389368,1.5483534446104454,5.306596371973183,No
2024-10-16 13:42:00,360.2939028556177,464.5257090568567,16.04191331396468,0.5865320909632389,3162.815103810246,ON,1013.6118362663694,73.2761681425688,215.24345751139052,2.467070721116847,5.201783225452976,No
2024-10-16 13:43:00,325.8092619321552,457.4118549899149,16.705229572601752,0.654750309179764,2880.121047561138,ON,997.1364794588949,71.28498722792915,207.94848588743113,2.2167262208497402,5.203756685870726,No
2024-10-16 13:44:00,342.9210220131585,454.3278620896845,16.204881397979747,0.3989654398637301,3655.417299610661,ON,1027.4033462353584,63.38175214578911,228.5683631535436,1.8400838679359603,5.079732849222801,No
2024-10-16 13:45:00,366.3342589545105,440.50465115936,15.569456044913215,0.9515153744148479,2953.0976003155206,OFF,933.025531673567,67.82049265454783,240.85965393924937,2.8004539959444577,5.100998628609687,No
2024-10-16 13:46:00,350.96420028643195,500.8431069491048,16.701684985062595,0.24714799903356582,2993.606743230564,ON,962.8806814784633,74.38773776725711,227.05020491869993,2.778208017785883,5.117490270005447,No
2024-10-16 13:47:00,333.83382833106043,453.45187451417473,16.348951636269515,0.7462680891260156,3111.94815912272,ON,994.2001463839233,71.7583117748703,221.55072994318144,2.4664476775969044,5.204646127315419,No
2024-10-16 13:48:00,339.2704443611005,466.68119564621344,15.778477989435759,0.9545673278879885,3457.6151449704757,ON,1094.8943646329353,72.84322308006385,205.2033925135113,0.49072161471610376,5.2077885726980675,No
2024-10-16 13:49:00,360.19396623402014,465.8478005016662,15.760253516300379,0.7442724278246686,3202.901799852531,ON,994.3093730793121,71.91460855028632,227.75237898736677,2.789472546358988,5.3544092663524046,No
2024-10-16 13:50:00,339.04450052424295,474.6111004671365,16.14828777257038,0.5392427318805509,2952.7728407939076,ON,1054.2611131830815,78.1321536730443,252.34524447593947,2.397379261235967,5.238505516793784,No
2024-10-16 13:51:00,353.24687884372963,482.23605818808943,16.231592397633793,0.4415108860011062,3450.867672151468,OFF,1001.9277584392158,71.18021531912186,214.2895806430736,3.0032043188564685,4.9292434306327895,Yes
2024-10-16 13:52:00,350.6835775985572,482.9071023253962,16.098646132815603,0.9108262953138768,3346.200125357096,ON,975.8170681281216,68.06988601064651,214.36024630972202,2.6187322958667694,5.226264198787169,No
2024-10-16 13:53:00,340.22599478591275,461.2538384214659,16.155654336721444,0.17310752242149807,3307.6869914432905,ON,987.663778794278,65.4212247943322,211.58366303528504,2.789171338748643,5.054998364383247,No
2024-10-16 13:54:00,382.1591613398799,467.4931742932038,16.84997868728819,0.3089627218861069,3343.146848234168,ON,991.579014398556,71.24804729104856,212.6587864825837,2.4393274250901893,5.103402907538847,No
2024-10-16 13:55:00,359.50878533477015,474.23869925732447,16.535771576117444,0.48073267035248357,3678.87238011649,ON,1030.182286948037,57.796479926124576,178.82050669491423,2.674346599322756,5.118783052827367,No
2024-10-16 13:56:00,319.6228612001359,466.2696331072468,16.09531779563251,0.9712961272535994,3637.0189790072227,OFF,1068.7305633788278,69.07855499083644,226.0755307878357,2.99706187036722,5.13366616764877,No
2024-10-16 13:57:00,352.7968147215414,494.1101836402999,16.470655290383743,0.7139302908122688,3062.656931399341,ON,1017.984042384316,68.97080070039328,207.3167173546808,2.108277369189103,5.06248506079597,No
2024-10-16 13:58:00,340.07320302847415,477.36462427457377,15.48373804823623,0.3095862724469264,3524.7769985622303,OFF,1059.3538839370879,63.17764573191359,195.846053218123,1.2138847279609353,5.220348200345229,No
2024-10-16 13:59:00,362.78650002194337,481.02316679074727,16.198963524973404,0.5069076883845289,3276.63363795178,ON,951.7605131185157,65.35867080672003,231.29784924598823,1.8462695499924289,5.058919771490904,No
2024-10-16 14:00:00,338.1121889235095,479.94321903001116,16.904653174866556,0.41570305677111163,3299.81916322755,ON,979.2684745592985,74.0482876507412,203.76973322437095,2.1949727996917185,5.2356667607249845,No
2024-10-16 14:01:00,348.2789533779965,487.60210786227987,15.890977052303812,0.38706330232993946,2861.545833671334,ON,963.7848732896167,71.15355874537481,214.91996419174365,2.037443792185779,5.423697107706163,No
2024-10-16 14:02:00,357.57480918470685,472.7153233805556,15.576183035690457,0.8936668675670337,3165.922846922361,ON,1015.7222295437426,70.50894166853664,241.9966358678287,1.3767190169202868,5.067064094106594,No
2024-10-16 14:03:00,362.9863279125518,450.5475207806623,15.67395555570347,0.18847706122094832,3037.435281932687,ON,982.0520807410293,71.53173766966012,198.8617630296323,1.1844661874025104,5.171548969566078,No
2024-10-16 14:04:00,331.9955538941634,475.99531927628965,15.455183481328806,1.082634256720312,3365.611762978662,ON,1036.4886468517097,70.46313793974461,197.01102648103358,1.6294186656825853,4.9476542637487535,No
2024-10-16 14:05:00,344.98248146238575,460.22964659312254,15.607619045936149,0.8484689070553868,3414.216100080561,ON,953.449914418378,76.21431281429157,224.03959284343506,2.4038697779920755,5.169906470702987,No
2024-10-16 14:06:00,342.87582033258565,462.0707497737536,15.814745950704985,0.9272585011811094,2785.1027297967375,ON,1002.1515486660641,70.61714590851824,237.24231046015552,2.7901698854114847,5.264271715263148,No
2024-10-16 14:07:00,340.2000615113943,478.7954602813264,15.29721649041068,0.4611181463924225,3195.593027199146,ON,1034.3428955506129,62.70893443090625,196.38487423402054,2.4582838068888506,5.272063923135727,No
2024-10-16 14:08:00,376.4818136042164,488.57424607150455,16.007809166974802,0.5550177842762671,3424.3723009588502,ON,896.7348612479695,78.15064982437205,226.11534605255767,2.528713643557068,5.20773637302841,No
2024-10-16 14:09:00,356.07472566441436,470.3190736510409,16.451138586893325,0.17005445564258642,3162.664207537311,ON,1106.0815653665102,71.85170133664423,228.71499309942539,1.959592213418221,5.288926342475897,No
2024-10-16 14:10:00,331.0867406849743,474.6324951889845,15.54612190992654,0.44260127787995907,3345.8127290004727,ON,985.8424057560062,67.05373134602466,189.1125927446152,1.1289587711470181,5.454605453594279,No
2024-10-16 14:11:00,363.76792920582164,495.5332241695286,16.759641961820883,0.7480964542929452,3270.2330935254167,ON,898.7480043161913,63.73299140852491,231.9775200686083,1.7723897095586474,5.37123046874376,No
2024-10-16 14:12:00,381.8323429551895,473.61129769232855,16.255396044263797,0.9888189185344188,3268.332046390525,ON,1007.9046949288393,71.97957110479022,233.1490881976327,1.8706177940638107,5.147747907059037,No
2024-10-16 14:13:00,365.4869789082672,509.0252467127059,16.51529029281203,0.2678529549592645,3145.7370043863407,ON,1001.6721733986575,69.41413997512812,215.32321640115964,1.751473756582159,5.054889601353326,No
2024-10-16 14:14:00,327.2094505106898,478.48264468447314,15.671082723073932,0.4903482189044202,2956.683839172858,ON,995.9052810213753,77.87073393016205,238.78519543447013,2.027347432687313,5.159384858342619,No
2024-10-16 14:15:00,342.7364889070062,443.5885586126627,16.42726261353331,0.5546102339302433,2975.6939705149944,ON,1049.5595556463334,68.27046359666586,237.04683361487267,2.220709879946475,5.105301723438266,No
2024-10-16 14:16:00,369.00366723779933,481.300124316568,15.454033049802344,0.18126323934225447,3341.8705028910636,ON,1037.3722485713529,65.81309605158766,221.54676888575807,2.4265075941217487,5.245134754786464,No
2024-10-16 14:17:00,339.38495801571827,475.71737577324166,16.445123750418254,0.77740477252752,3203.8916511037764,OFF,1014.8938095511922,74.47898109117965,213.228319145126,1.8609400678168329,5.0818806460570505,No
2024-10-16 14:18:00,356.65729142219345,489.3462913112412,16.085919669896764,0.38280290047721727,3172.297551078555,ON,1022.5077816973323,74.62640946358415,205.40758161125564,1.0481202971777033,5.192717756740966,Yes
2024-10-16 14:19:00,361.6195108014401,480.0977202690494,16.276625609992394,0.5413828946468928,3115.2219915355295,ON,994.7820775280957,70.84325683805098,219.43654735950713,1.7585611403544326,5.283801405453631,No
2024-10-16 14:20:00,336.0960429263288,467.9231602402434,15.412202697187574,0.4644151884264367,3138.9622309038496,ON,1088.7745424620025,73.38178523837455,228.5463837955627,2.021855198495992,5.189930412718282,No
2024-10-16 14:21:00,349.107119659073,451.6355264556595,15.552465078861697,0.3631984482840977,3409.382358897628,ON,926.0401990821117,69.81156439628882,215.13734708439037,2.611403961066704,5.105368617725221,No
2024-10-16 14:22:00,301.3809898989639,466.8646511407096,16.298614109126692,0.5978865043558336,3132.9511836263946,OFF,1006.9825837107949,71.16932550504623,187.03748492106956,1.7160960789079474,5.31748140575857,No
2024-10-16 14:23:00,334.63418537998564,457.2421931868605,15.5258259978879,0.5353171264295933,2931.7870573396863,ON,1003.251231559439,75.82495441281961,239.03070841864854,2.256271814199701,5.012101905524617,No
2024-10-16 14:24:00,346.21147772910257,461.29214825292917,16.23160314604956,0.4884426353164003,3348.7303551080345,OFF,1040.6640203032296,73.12659167010752,222.85334832767342,2.1450439498177163,5.167220494412254,No
2024-10-16 14:25:00,331.28325227052727,478.82867606630913,15.316431096769877,0.3814615134958972,3159.0246672270564,OFF,957.807306128755,69.15362780833688,214.3056325498475,2.0219502665616944,5.195833997661866,No
2024-10-16 14:26:00,374.48616955897455,495.04856756527107,16.424087106333335,0.6958574012348866,3206.2791731065554,ON,912.8163698801732,76.76181272963075,232.8573758263493,2.4652666596622956,5.201590865839964,No
2024-10-16 14:27:00,328.5478793305905,475.9200729473447,15.383738342615745,1.0960851805476854,3521.515661279902,ON,1007.8411508049096,58.175723136042436,242.86957894724134,1.6695794016237095,5.218049605607808,No
2024-10-16 14:28:00,343.39933269954525,452.0617540694722,16.27614996883976,0.6419661698517382,3195.8878885298986,ON,1014.0615246109302,80.26036655710968,177.97132645768164,1.7124067751782417,5.26104398198095,No
2024-10-16 14:29:00,351.96110865929137,476.6690400233021,16.312815466823,0.8988354644733387,3257.836734623745,ON,1074.4799704723825,61.47020452554632,226.51395474883108,1.994049588452886,5.196459256095465,No
2024-10-16 14:30:00,371.61909933599173,487.94947229968477,15.651614090785213,0.18293342245396121,2964.215301740335,ON,936.4818976837457,66.86453587613852,198.60026183784478,1.67992674745315,5.163194171785632,No
2024-10-16 14:31:00,328.4620677323084,460.8532564352093,16.291013283542362,0.6473284317881308,3156.066109529808,ON,1057.734688335836,69.79541232402465,227.48665760198412,2.2540061455273,5.15924106553403,No
2024-10-16 14:32:00,367.4474562823244,467.98974249990624,16.13022113166678,0.27078950430868004,3321.9052090417204,ON,1118.370718201356,69.2675966463592,221.9189080356187,1.6434038478169337,5.138848419796164,No
2024-10-16 14:33:00,350.15349591529383,470.220322920938,15.73057907190363,0.1569225217404296,2888.9252532317514,ON,981.1117556238761,75.03205520013277,229.53589789660825,2.1131521038725674,5.278754332432687,No
2024-10-16 14:34:00,335.27737023428074,458.2265253037664,15.495722657961895,0.3781885777622891,3240.1690186231417,ON,935.4528890253388,64.71081690694882,212.51128578258016,1.9499136156066217,5.135347152052349,No
2024-10-16 14:35:00,356.93155211394907,479.72420650765787,15.018687154163711,0.9575698003240718,3220.1582145289613,OFF,979.6512816813314,71.30383408741531,191.9013983227127,2.107462982388353,5.284677110900825,No
2024-10-16 14:36:00,352.985895433602,468.18577777088325,16.17482502364985,0.8850047486008936,3208.257491117488,ON,1000.7002483685691,67.10893950890123,213.24447713114998,1.7701293024684803,5.201899908225987,No
2024-10-16 14:37:00,340.9967468426181,476.2929866586054,15.217598614318973,0.6729014166163199,3407.4317797316485,OFF,1028.1893937503457,71.47570489668708,226.10271452709674,1.8304558527365864,5.147874519314387,No
2024-10-16 14:38:00,351.04703127485027,456.6876173329685,16.047672099720653,0.14018983203302077,3266.887702969704,ON,970.4302635080976,69.67613870101061,235.23088493012835,2.048004633998525,5.261840721574414,No
2024-10-16 14:39:00,344.2202960470736,463.4381254951488,15.868275891958875,0.541115804583619,3495.6143796712886,ON,1077.7599267073672,70.4646782634149,202.42253049291213,2.1010372530806563,5.127254607527688,No
2024-10-16 14:40:00,351.7027601787687,480.83572036741657,16.339571387719097,0.6905100026705207,3001.282096881193,ON,944.2733842495969,67.25037583767828,235.40590640309526,1.997899042304422,5.263818404072821,No
2024-10-16 14:41:00,359.9319601178157,464.4075027186235,15.848977250255068,0.6526608688735793,3227.1849134436698,ON,913.03974239136,67.44968024951959,210.28191565530219,2.852681178256542,5.221272612119178,No
2024-10-16 14:42:00,373.79025224218026,495.90445776850106,15.835276106826454,0.046861924955776235,3216.8933572779897,ON,1055.3355212143658,71.43636257013713,225.4367482239179,1.504631540629358,5.140367531090808,No
2024-10-16 14:43:00,331.43276751759726,464.00545721578095,16.36593535214415,0.33290464559403843,2986.149101248984,ON,886.26894843969,74.71857752878022,212.3515907070155,1.9678981025236433,5.252863481533456,No
2024-10-16 14:44:00,381.995500619844,473.37027088627826,16.16752901454206,0.580776670755385,3391.2590004182694,OFF,989.7935115563641,67.00860332901077,222.73255941568152,1.2131854889415077,5.254658972568864,No
2024-10-16 14:45:00,320.7186830071625,483.98886247809634,16.15807797859139,0.760887272855157,3664.9346611705637,ON,1155.8840564604025,65.65616227713545,233.37816451855412,2.186040739333693,5.315751960580996,No
2024-10-16 14:46:00,347.72322357446626,448.72451400600454,16.234633794904262,-0.05883834632998397,3196.5987851032337,ON,999.3978223520035,73.06730082835918,201.59478884067195,1.442376731811593,5.29661470124093,No
2024-10-16 14:47:00,358.82475809726867,443.58786782028835,15.232213938396447,0.5513628073560425,3301.0042176547536,OFF,943.9616174651875,69.83748053471156,209.80141154879752,1.860844872061712,5.249127402072628,No
2024-10-16 14:48:00,354.21487801602547,447.11515528144855,16.37839433999349,0.6429146309636857,3216.9036951630655,ON,997.1301268106603,74.15249066992976,222.7744388101313,1.813967837334337,5.087240904879124,No
2024-10-16 14:49:00,340.6595072026911,488.9387615514077,16.3062343970068,0.8548835965548639,3057.283066018565,ON,997.4599605690233,65.47101393314426,256.0237549154553,2.140445563300586,5.444858698817406,No
2024-10-16 14:50:00,346.87816624464085,461.7221278116133,15.491658435711752,0.807857275271231,2835.8479444395966,ON,1008.0324970176558,61.10280537288285,207.05215431749758,1.72360454122741,5.059638378892819,No
2024-10-16 14:51:00,342.60498598011753,508.3729892850238,15.877959763162899,0.7747713956426415,3058.845303380927,OFF,1033.113149107981,67.33497959086833,250.60200828995377,1.7023471511530088,5.2949263174282315,No
2024-10-16 14:52:00,341.1595286458368,461.5362860201392,15.980346356186184,0.3600178479894197,2921.6083238096535,ON,948.044441581613,66.16823695367492,250.06634955512757,2.717928232042949,5.24312838168863,No
2024-10-16 14:53:00,362.7440314553154,472.7682695479555,15.932751607799133,0.027599358863007684,3540.8204156118236,ON,1084.3774027618397,69.6060579995985,218.54033273947613,2.1422833952372633,5.082585762751889,Yes
2024-10-16 14:54:00,355.35523228947574,493.13164928851813,16.166929983284266,0.4820841728815797,3176.978061215352,ON,1012.2557142186309,66.81577392864806,215.5277121070015,1.719474573988866,5.1875699061121505,No
2024-10-16 14:55:00,339.6063560710902,500.09139332238686,16.715683390915594,0.900489547562568,3130.8161341905657,OFF,1036.3397023200903,73.70508475668224,209.61902202002963,1.8745831640943846,5.192124711375536,No
2024-10-16 14:56:00,363.49399813149876,500.922553649546,16.540883363836414,1.0180363582573295,3377.8307649575613,ON,968.5925300122178,68.55924868788742,218.97696204500997,2.8226774761353726,5.330558271581053,No
2024-10-16 14:57:00,354.60949281314913,488.12549345889715,15.343890403284297,0.8131647306893356,2975.6497794288225,OFF,1064.3191068497767,70.7523724938695,198.89920851160662,1.8824175608744516,5.128668909971979,No
2024-10-16 14:58:00,362.1929317825844,485.36093788717193,16.311034995153026,0.7288022468405203,3046.6271923990894,ON,987.1473795593467,70.78817279220472,218.85641474019104,1.655361688423806,5.173805499357565,No
2024-10-16 14:59:00,359.4444326288542,478.88790423801777,16.664466659767704,0.7138918945157896,3213.614453849724,ON,1013.8776256746766,70.97477546206093,242.45320410776284,1.6575019249368037,4.9663930394978735,No
2024-10-16 15:00:00,337.5650748361689,481.67541614249956,16.1934042603446,0.4331643759717658,3405.753798284696,ON,953.3446961406445,69.87935444772513,210.83372406284923,1.7254367595052114,5.373476279312358,Yes
2024-10-16 15:01:00,341.5972843970454,461.732214255072,16.545490212592984,0.560981911933914,3300.3370090337576,ON,950.1534186798937,72.55300345205157,216.38913544016424,1.7027511387866388,5.092953175697993,No
2024-10-16 15:02:00,361.20940407684895,457.7270167486654,17.006135222850382,1.1007208577478993,3249.6650285031765,OFF,1034.4102653226441,66.02172433087097,194.48289288599136,1.3601760758253785,5.232691086423918,No
2024-10-16 15:03:00,359.15555398150195,469.94938313883574,16.51185477305349,0.3172325982624371,3215.6235470472034,ON,977.8196584896307,76.99708963326941,225.61093132196567,1.437899951526511,5.189859217027814,No
2024-10-16 15:04:00,349.6864760905378,467.44723066212606,16.124654297820864,1.0844336372129555,3280.047171105355,ON,957.3088456247812,68.81731308315733,223.96722527427062,1.585339812819315,5.190199903321666,No
2024-10-16 15:05:00,351.75991074963173,463.20157926009085,16.522544237042375,0.5033915536523824,3240.3305810258507,ON,967.8408328986485,63.44225431050659,220.95553539648657,2.295785509226549,5.280986198487088,No
2024-10-16 15:06:00,369.16497343682636,480.44581171185075,16.072443916548444,0.9976296327285235,2994.005545044613,ON,1034.947653585871,70.94036678495887,216.74759424666786,1.8093813563635632,5.367126246030364,No
2024-10-16 15:07:00,341.12642916746256,484.32957812855767,16.011951521642477,0.1779554971507385,3209.2158443266303,ON,968.5481069398195,65.74409758776258,215.60863121841317,1.89641915545298,5.2251493669941995,No
2024-10-16 15:08:00,358.20646071755056,471.32610329437773,15.824292882143133,0.7757712603493947,2985.2622682164497,ON,994.1172534198918,73.32667267254438,227.5285035055101,2.6350440126274486,5.265507801763053,No
2024-10-16 15:09:00,346.9671102134916,492.1629512158289,16.781706679416054,0.3789689592157134,3216.216508580165,ON,1000.7513875143549,81.04802788021189,219.56775097617066,2.647503574969209,5.232889153672704,No
2024-10-16 15:10:00,346.7347819515917,452.8746632879974,15.590785667029,0.17541984242274372,3103.8704117023517,ON,904.132555699485,66.06713954221075,224.72457807332998,1.8589375284311325,5.301753142393062,No
2024-10-16 15:11:00,366.48165277980786,467.09510811080423,16.76618386233906,0.6655602127232837,3707.8763245565724,ON,926.4436797313241,71.66186166611992,223.22474226181822,1.6845682446582955,5.1537083620513675,No
2024-10-16 15:12:00,362.3812452348204,459.24766519095795,16.249932061870187,0.9028415365787905,3192.0211232496576,ON,1016.8138944623781,61.22247205647686,236.85140930643644,1.567784843163231,5.307539055441642,No
2024-10-16 15:13:00,362.2026445400096,442.0019507439041,15.300346912599029,0.3465175684219511,2919.152086747682,ON,963.1485319423651,72.26952614720673,230.1549114606258,2.346387884854119,5.311049986564739,No
2024-10-16 15:14:00,369.5821821073149,468.7597897123595,16.18382464649571,0.15029521186247963,3173.163957864615,ON,1052.8362455640208,65.57143100100156,222.89292764725286,1.8976463832388561,5.308253700868291,No
2024-10-16 15:15:00,350.3150576244914,468.17378737425076,14.949986746174188,0.5724465706995134,3303.8717491275775,ON,1048.3403552125271,66.87582690782759,242.77633045978268,1.806752554838605,5.133985213266352,No
2024-10-16 15:16:00,360.22929456942444,492.70174614863197,16.312754008415517,0.5737694013668456,3534.672789230505,OFF,1035.9584333177718,64.49356755080086,226.3040279358484,1.5931677124312236,5.183166236576281,No
2024-10-16 15:17:00,345.34599865109817,479.4621752683217,16.442615741494496,0.7644958882663496,3082.1095200122563,ON,1090.9885893656299,73.66075613027368,239.5744403318563,1.6151667954943059,5.223946698878044,No
2024-10-16 15:18:00,354.8624952873266,454.6371976350619,15.703822022173973,0.8848783714093464,2883.514405195272,OFF,995.8455336128409,75.03652178736631,229.10413912579958,2.1600290957466224,5.0629157955171,No
2024-10-16 15:19:00,348.0478541844847,497.8113884950128,16.06177384797779,0.5821754456182517,3363.367402286196,OFF,1032.444096295192,70.11692607329253,192.37121381602685,1.342280867056369,5.359492020808601,No
2024-10-16 15:20:00,351.45493947489075,488.3155054328803,16.977078716875145,1.1566509944382788,2923.8802588200697,ON,970.7799511701985,65.6778664733214,239.57252144978995,2.4974343468939693,5.198772346649783,No
2024-10-16 15:21:00,358.9273553815537,478.73146555202925,15.747126647869031,0.6672704233605875,3112.768911698503,ON,1122.6184956434363,77.9476151805193,222.02764362014003,1.7330776780925408,5.228392788760472,No
2024-10-16 15:22:00,337.72668975149793,466.60273851725253,15.470546206471699,0.4960720481979301,3148.475902897801,OFF,1099.181682621801,66.24794936122672,219.22067843648833,1.9251820278741036,5.14229955602728,No
2024-10-16 15:23:00,381.3858091352819,455.6084114491478,16.7408317012313,0.11652979226915161,3186.0733093399786,ON,1000.5940217258895,59.189838500362804,224.22022521234365,1.3315110209297227,5.067312244063298,No
2024-10-16 15:24:00,334.90973927750446,464.4168983589342,16.9812935952654,0.5212021439051496,3337.832891414867,ON,1019.3293114952596,72.29194504978534,214.82525257064398,1.9938170308788177,5.139597011452523,No
2024-10-16 15:25:00,331.78717080818404,486.33122929556276,16.001847835923925,0.4990839163766591,3063.2731435427227,ON,1067.9648799682402,64.47612663179241,223.40543290583418,1.83583952865472,5.221920418763359,No
2024-10-16 15:26:00,367.37166310250103,498.26879458901914,16.505731517704177,0.8880914388844411,3145.254149566648,ON,992.6430247592947,74.94304396749587,211.1218590048536,1.9749597005717667,5.267342881275369,No
2024-10-16 15:27:00,361.87494040944404,493.14865292408285,16.67073795776544,0.7387450872200562,3197.1459294101223,ON,967.1687964600147,68.0943115166329,239.11408388101555,2.735854449180945,5.216179154060272,No
2024-10-16 15:28:00,359.36179725578234,462.6672586732059,15.628757883730808,0.2461892635102148,3229.9195915037576,ON,1043.6994875503442,73.01856620272098,218.29617829568426,2.0888490228951198,5.234672401624195,No
2024-10-16 15:29:00,359.4251826389642,453.20573850066484,15.757347082316066,0.6516763159233112,3219.5654349415845,ON,1003.9219623041835,77.00750173276079,214.2612423591635,1.6026704079270981,5.1662973625318624,No
2024-10-16 15:30:00,349.8162984072963,472.11329370366803,16.61543725657737,0.8014593515187161,3287.201155044516,ON,1009.149722482263,63.95570567689639,206.1261127642109,1.6443400447267158,5.249624856624543,No
2024-10-16 15:31:00,336.54118442771255,443.47340951655724,16.842507139354254,1.0584094078163497,3368.7679019283473,ON,958.2864328466018,67.17031434553797,224.03163683722963,2.297565592956884,5.3482832866385905,No
2024-10-16 15:32:00,351.1370683729059,474.8475157127717,16.281440430087176,0.8662511902242178,3278.5268231301934,ON,914.1163925818302,69.62164463671468,222.8066065018764,2.649346645496712,5.270478944243899,No
2024-10-16 15:33:00,339.84257432731835,467.78596120552,15.560092823248972,0.8282539962934433,3290.7171047018437,ON,1011.807120493955,77.68775659517172,225.8263692051626,2.140959010375525,5.280954188825294,No
2024-10-16 15:34:00,364.62679600126626,463.0094524719764,16.99353055584972,0.6180257983845491,2883.5553666507044,OFF,1045.24810207471,66.70808641029777,204.59122168742306,2.344356372277385,5.229401639930663,No
2024-10-16 15:35:00,347.79413927746793,446.07945399099805,15.734514551094017,0.7164936016270349,3210.045539833136,ON,988.7096625461979,67.02748152025497,195.9822820178264,2.3048688616683526,5.04968449304004,No
2024-10-16 15:36:00,337.61754204811234,477.70400159854574,15.832431109414275,0.9748514702118476,3295.901509600322,ON,1071.8214759779432,72.39070287777905,229.3838695375984,2.7095322066787606,5.095533346936876,No
2024-10-16 15:37:00,345.1792123752051,462.00948740507135,16.17116891724481,0.20016678075610506,3345.78823891409,ON,964.8041837292228,67.11385637144714,242.2696279281476,1.0252049136369836,5.245487580066385,No
2024-10-16 15:38:00,356.1939718141344,452.45124746434567,16.777080210357386,0.4951682018349132,3061.5298451532412,ON,947.264777251704,70.76262941448809,204.60469566415156,2.3336094696522642,5.198906094803991,No
2024-10-16 15:39:00,341.5441317079404,426.91606680077524,16.42698798827611,0.3682293753731278,3068.192145022271,ON,996.6384846401934,62.242312895159365,243.84161925342548,2.491868021951782,5.243984288647283,No
2024-10-16 15:40:00,337.6666940665035,469.58727642424043,16.207432750180956,0.7137459356178372,3085.1798649432803,OFF,995.8703712324354,81.07164971278299,224.25866588104572,1.3306381469322133,5.367642341784408,No
2024-10-16 15:41:00,353.6553081723787,496.5837739500462,16.231644265059053,0.9690666526952363,3307.2827799782685,ON,1038.498436566761,63.26145384845298,219.89405643173757,1.5571659079967919,5.272603599922934,No
2024-10-16 15:42:00,353.67449856663086,494.91888821821806,16.021757334321734,0.4209077139836778,3406.776210984842,OFF,961.2518587968008,68.39123648004896,214.03676955181334,1.5746086256859233,5.325888620574283,No
2024-10-16 15:43:00,342.39585236943304,463.1435561512059,16.279069757259254,-0.11709131024083141,3118.5079785416797,ON,1068.404711840745,69.83759482078953,199.23222970862506,1.6356049018113084,5.209468138947074,No
2024-10-16 15:44:00,342.9344254157252,460.9668190945733,14.735219961152849,0.47633377649265896,3381.59246272541,ON,1098.3458481254127,79.56344067178398,234.815927738869,1.7591414745322371,5.119278432251556,No
2024-10-16 15:45:00,353.48074906036453,477.03161384112536,15.851696270465101,0.8740421196052219,3224.695961832919,ON,998.0427986515829,63.3757710953363,208.36590457843596,2.1213014065274707,5.194213384078566,No
2024-10-16 15:46:00,328.27873487754016,455.0242184121756,16.12066096745839,0.7612889708849638,3175.142844567513,OFF,1062.485521009216,79.91852067739376,208.302899863936,2.432837325583685,5.119524818628086,No
2024-10-16 15:47:00,328.88804338435165,474.526878497292,15.424492958190246,0.7284558743431728,3157.7231540364064,ON,947.175146468737,73.7858841055101,234.8788946483043,2.5406584788842683,5.355829495677245,No
2024-10-16 15:48:00,339.2233366812135,481.49120417577035,16.19316165890578,0.5160020094376561,3349.3222729204313,ON,1053.761077059096,72.08547662211623,191.7552482999241,1.5810884694161091,5.2790391076535474,No
2024-10-16 15:49:00,346.79829272432227,488.40399835826463,15.89776438950694,0.21629077913406408,3265.115563357414,OFF,1052.3638204279732,65.07683156491022,197.1460328399775,1.5776485006485086,5.252051249662828,No
2024-10-16 15:50:00,354.6636134839701,468.4976888528007,16.877737849157747,0.7545882964873402,3655.1650855295275,ON,1043.171864009494,72.85570621019036,219.72798634737876,2.6579109200081117,5.323594320222811,No
2024-10-16 15:51:00,372.13034325424326,466.94489374734553,16.786509862607428,0.34971545698961254,3029.5550714005353,ON,999.2218455564853,66.382566887901,224.39926643507278,2.3233719677093223,4.997994358547678,No
2024-10-16 15:52:00,362.8648943480303,456.83026119865156,15.767097215440918,1.255229020014137,3303.620340405995,OFF,852.2875529378985,76.33330626599206,227.27101971953385,2.0414324209344983,5.258813795134266,No
2024-10-16 15:53:00,347.6009220505486,457.5967946894021,15.924581144216653,0.7711521625063548,3094.1597980376973,ON,967.9136428173936,65.14468985446133,215.4730225990562,2.2366683377774836,5.068935421569563,No
2024-10-16 15:54:00,349.71475688145966,466.6028166214771,15.963026217195804,0.42580550923381466,3026.1426026022714,ON,968.7041991157699,69.43420752771958,257.95554502962534,1.9850981090742796,5.199274430153434,No
2024-10-16 15:55:00,334.96205953043284,475.5104826022427,15.774170261920188,0.4165844257834115,3197.8265725930055,ON,951.0872530969762,67.22363455993414,216.58161161851248,2.2622923415238074,5.168829240753278,No
2024-10-16 15:56:00,349.7223029601142,483.70376939349876,16.097512492014065,0.5721167380159234,3227.4704958814073,ON,1006.1121502273534,65.06238518786503,216.53820771845918,1.8319666517471298,5.266173661209695,No
2024-10-16 15:57:00,345.6701204161979,457.9523157397948,15.620858965556206,0.528149423393475,3783.6347110120187,ON,979.0518277239382,73.70659908453958,208.04519996779183,2.1344024672196156,5.222818728896096,No
2024-10-16 15:58:00,354.8407784050713,492.39032853439284,15.434692332531236,0.9350501326589862,3163.1708368633595,ON,958.7693995117489,72.67729373704817,221.85860224781607,1.2447269748152519,5.334511717361179,No
2024-10-16 15:59:00,337.59153584671515,465.9331459843615,16.311355611950134,0.6559248509232138,2973.9642541030635,ON,947.059992587609,76.04505099450499,229.22441848070162,1.6561078525872845,5.139810283906739,No
2024-10-16 16:00:00,357.7901977136176,469.6794905847735,16.314764792110907,0.38051047832744156,3254.602143498877,ON,964.2243507257385,61.10062445895916,238.0536708180019,1.6614944116048282,5.270911438963329,No
2024-10-16 16:01:00,372.99108369503864,458.79182481278264,15.597842120170004,1.1671322055467348,2785.071992490726,OFF,1056.0749605924964,75.32085351170522,197.66073603339674,1.812804983396543,5.216222321689884,No
2024-10-16 16:02:00,348.36859777314714,433.63639609590587,16.4476777153813,0.6147924994560667,3181.608643479147,OFF,966.9487472686253,82.52724452678447,216.31006992466448,1.5367433726101258,5.036470972992845,No
2024-10-16 16:03:00,356.02567583148414,483.26068094541574,15.684211135417334,0.830651902790669,3203.205056459032,ON,974.2530646783364,67.74179455411526,226.70055416213717,1.7332281870884592,5.108138354147697,No
2024-10-16 16:04:00,360.3521598756667,481.0526584563865,16.12658261901899,0.4175320477665722,3358.9200765890423,ON,977.1651192488376,79.47574306054484,228.80586301891805,1.2427929688009396,5.185012196647784,No
2024-10-16 16:05:00,343.98169292171247,465.7800866432268,16.41017200630623,0.7089346883233569,3394.7244498855694,OFF,1016.9496756904709,68.68419363970087,220.09822986706808,2.2743502381974503,5.311229244989173,No
2024-10-16 16:06:00,353.36138722715623,471.00486075837307,15.983193717648144,0.6933329973429585,3099.2860762184564,ON,1022.8124744264267,63.137951312193465,228.13635954298152,1.9587432405443028,5.2463723057557115,No
2024-10-16 16:07:00,350.18888601172694,477.73908826556146,16.227370456070567,0.03310521237115416,3169.8771970740136,ON,847.7671730378419,68.47183778796602,207.865541606113,1.1473961961119916,5.083249917611929,No
2024-10-16 16:08:00,351.46514147823245,446.56181214670187,15.741785178056213,1.204582533138192,3046.775833877866,OFF,1051.0817606913804,75.24101983837637,243.36858148477535,1.5825850447266634,5.185968377195284,No
2024-10-16 16:09:00,338.404853242168,462.0642098398056,15.901766708285951,0.9871933382767641,2974.3874890384614,ON,1071.8184017121878,65.80911758834235,234.88942154469143,2.1683007137810835,5.401780644879303,No
2024-10-16 16:10:00,350.36765261388416,481.9139701943274,15.89707028455983,0.48084140515620366,3261.9789558761267,ON,947.4906731319165,66.99830670496756,199.82608319402243,1.7284890268071051,5.211122333484086,No
2024-10-16 16:11:00,357.46997436868173,451.18565865246126,15.62671082672988,0.26931907786324333,2945.28289028068,ON,951.3850877632583,72.96769716146595,203.87345427824866,1.6515292699309516,5.1672674424927605,No
2024-10-16 16:12:00,371.7671541169256,474.40336898249944,15.91161291844211,0.7042684841410656,3117.0746198856273,ON,977.4873306110865,70.01530058369286,204.2961737483964,1.9627036614959619,5.249173964075622,No
2024-10-16 16:13:00,364.3890623912781,449.65127293064893,15.225690850568126,0.6260093098243189,3000.9652080201527,ON,962.1997990271698,72.9231147624337,230.16954956344793,2.171798767589108,5.276339307958197,No
2024-10-16 16:14:00,382.29773686267333,476.9964497365029,15.754423126428948,0.7067006845689688,3309.936637258052,ON,1011.1963436973303,71.18914770379168,200.729083503738,1.2818237714804197,5.1543831652519945,No
2024-10-16 16:15:00,338.48978655667923,469.46537776553777,15.857562253315164,0.6574732188582268,3560.2860198532976,ON,902.6737356820568,72.39812659775787,215.03463498687879,2.27506424060894,5.2502574774371435,Yes
2024-10-16 16:16:00,363.0848095508102,445.77302276141734,15.87191012375231,0.7518722967917778,2939.682403439334,ON,944.103619598163,67.8384940709523,226.8205659462516,1.5998533591963118,5.167111050332919,No
2024-10-16 16:17:00,352.7501300860753,487.47109031685756,15.879251277064611,1.034191709817542,2829.396303420486,ON,1076.9598600087454,71.15865471015196,219.00751098180348,1.9910360158751006,5.271932760182944,No
2024-10-16 16:18:00,382.84704399826506,458.98112634802925,15.969117900069936,0.7704309615385938,3175.0226229299865,ON,953.5890016325991,65.36313497152034,223.8833127356906,1.9822899296542453,5.216969315797129,Yes
2024-10-16 16:19:00,337.87552571967274,457.84621344478427,16.23972075904303,0.28510335032701767,3203.1395591915516,ON,1062.1714139051462,76.44216811251694,204.01295932976862,1.736466940880113,5.248196782705289,No
2024-10-16 16:20:00,337.40417236728837,473.00853795846416,16.43725853706626,1.0087688558137355,3243.7318613514594,ON,1017.7669097795068,66.82862641591343,228.92281560095867,1.4881701269346428,5.124081645383249,No
2024-10-16 16:21:00,341.00911031833965,487.2295602414307,15.675117386575867,1.0921843690464863,3110.735896953131,OFF,909.536614270587,75.64423743774695,210.80182161286007,1.8571567259538682,5.117871361592714,No
2024-10-16 16:22:00,318.1415641353529,454.7626727153241,15.398399572305427,1.5456170203536255,3159.872140234914,ON,1031.7664597608102,68.83196519508567,215.13070488403088,2.8126651545375974,5.294549730465939,No
2024-10-16 16:23:00,342.11367467478857,470.92519774771955,15.478977793878448,0.2629517900281206,3273.5020821081202,ON,994.1166348903573,71.00999505378661,223.5659759185898,1.3191624847681847,5.192060361861451,No
2024-10-16 16:24:00,338.61301007669454,476.4322475049586,15.756398539402536,0.6728646039450825,3408.0861785289676,ON,977.226647187513,67.5251772455465,221.54617332296272,2.8461565095524377,5.228503474209936,No
2024-10-16 16:25:00,352.2559067971431,480.39658410894714,15.824039341091746,-0.024629610956696135,2808.9902459363434,ON,1012.2478546586002,64.92002284415986,220.35970028523388,1.8701394144617338,5.169360457291348,No
2024-10-16 16:26:00,355.1263396366574,472.6466233291584,15.615001966901271,0.7659447469137627,3126.2121121937075,ON,1023.7316742783396,61.27619806197349,208.74059767034868,2.0176857085443194,5.289872677401364,No
2024-10-16 16:27:00,378.1425625882383,464.49458241375015,15.351941667875053,0.4355399105499682,3242.761758788213,ON,1035.379591098731,64.72337920703771,215.5067588320121,1.4566445943076363,5.139219001997034,No
2024-10-16 16:28:00,364.25635757279076,457.58614669026923,15.771939586262906,1.177033738447486,3016.4047790778527,ON,1058.9126423774,68.38045573392039,220.03275386255555,1.6143652916612596,5.186439876009912,No
2024-10-16 16:29:00,341.3464451650639,471.29215824569565,16.090713310056987,0.3676155089944254,3546.23392635346,ON,1020.4067956389179,71.05939589414442,199.37372150249374,1.7485451749809904,5.2785992812703135,No
2024-10-16 16:30:00,336.5237799297746,453.9179148202159,16.297514732917783,0.0932450886098215,3072.9180239542525,OFF,931.2182955606819,75.05189656641632,213.0620055052993,1.4771525145610438,5.317296769916426,No
2024-10-16 16:31:00,357.37878757259756,426.1797427475809,15.72128847344584,0.4586208777892441,3191.7414625985434,ON,976.3177271174404,67.77121270101576,225.8151981854927,1.895541021314564,5.147624070897332,Yes
2024-10-16 16:32:00,330.19650189469036,476.54839706236504,15.793501088928283,0.0073536686348587565,3311.2044193684583,ON,1147.1524167634311,65.59019617866413,200.83845094231987,1.7964920540966145,5.395968398195588,No
2024-10-16 16:33:00,377.4718814878153,483.5590226162929,15.536650845576345,0.825329836352193,3081.743042239621,ON,1036.2245530190864,62.78642606998644,237.3487247739136,2.925390571217867,5.231324169369362,Yes
2024-10-16 16:34:00,367.6916018108193,434.5560134668724,15.984280414812611,-0.019524913876896144,2830.6853904391164,ON,1118.4643650405749,72.40031808952052,239.04419893899765,1.4170129071597695,5.095707173819126,No
2024-10-16 16:35:00,342.96236521842945,454.85403942935096,15.575785682904593,0.6085372743549476,3114.2690946166936,OFF,1069.7717041099593,76.91597257664671,201.3227413605987,2.0513452583742935,5.236905204858997,No
2024-10-16 16:36:00,324.3029820636368,479.28731391507796,16.2865639066206,-0.023343545956859058,3405.888111185408,ON,1012.0901035777874,76.33165133978144,240.3642944957521,2.1239231409509123,5.161700078551655,No
2024-10-16 16:37:00,370.3080856124812,500.86243204567546,15.107066754032944,0.5039106586390074,3132.620974642972,ON,1015.0703534890558,73.5496637407362,217.84627616931797,1.4648397256740813,5.243406848718318,No
2024-10-16 16:38:00,348.28190232121074,470.31190561513114,15.820185163773768,1.0930134467413601,3030.7131397082044,ON,998.1709980061577,73.192716586338,226.27771838735583,2.3434137477264194,5.195714375233966,No
2024-10-16 16:39:00,368.5672446796019,459.07995588156297,16.150553669595872,0.7081943674307385,3385.1344419005445,ON,913.1097692076751,78.4881188985467,212.5502342180763,1.8008364935591858,5.2074273690190145,No
2024-10-16 16:40:00,326.0835851180845,467.2565533834274,16.091917258161253,0.3409519185105198,3133.8450207953892,ON,1000.9023626234112,71.66040730708406,233.8456724084014,0.7538051742084664,5.108840662341386,No
2024-10-16 16:41:00,341.0093746556934,490.62314628722277,17.346516831990247,0.5906389533182748,3097.9678372699564,ON,1060.5337276271098,73.23064838012085,226.09141028273,2.3299248060522824,5.299006123071636,No
2024-10-16 16:42:00,350.07865549577275,460.310537313132,16.174900012283953,0.605405061613334,3229.891217932662,OFF,970.0180002589398,68.39608069074,207.78770115103595,1.441529557948818,5.0843872632848965,No
2024-10-16 16:43:00,350.7047089064711,458.0121199002462,15.497972701578995,0.7417891037530217,3354.1500419237573,ON,1020.5976499530905,63.18978314572621,202.52197000052067,1.4761125269304505,5.0891235104595,No
2024-10-16 16:44:00,343.24901792781134,462.7588471672695,15.952267876455464,0.18994249101575206,3676.342706346509,ON,1042.5795522946598,66.58075549750212,198.09546347186165,2.343951041446199,5.236736034914749,No
2024-10-16 16:45:00,359.3427489852125,455.7000708761193,15.111876833266773,0.7777701821541991,3365.4472215314845,ON,954.5159780343762,69.95420480732672,222.81912664649136,1.826419258790775,5.360284424717797,No
2024-10-16 16:46:00,333.9856935592611,471.8400547399219,15.95970012535162,-0.2113174894808325,3431.967993277669,ON,977.4348567828167,70.30392686250651,228.58707117669604,2.45888607527575,5.164740690293559,No
2024-10-16 16:47:00,347.8643077246806,494.37017687704343,15.583471971499621,0.41103463429085685,3098.806760202429,ON,949.1044254761421,79.63142927427697,229.7644851816916,2.605083047682659,5.2700972322703965,No
2024-10-16 16:48:00,351.8044344756785,474.84618909674043,16.45769513778008,0.4535178472645366,2994.826378806105,ON,958.8917196655296,70.40638583795534,218.23028358088933,1.677535769838851,5.307334017686355,No
2024-10-16 16:49:00,357.7165825108812,466.21469746810567,15.725229862702232,0.7899980478213715,3212.4662699238247,ON,935.619735817347,75.89421722012821,202.64505316503454,2.396631247977515,5.281468443729407,No
2024-10-16 16:50:00,360.6742231713333,465.62283096626686,15.941617042102378,0.6067892558030608,3221.4339830519193,ON,954.9775769310986,67.82461379211841,209.76887802964325,1.622269599303559,5.168879171082632,No
2024-10-16 16:51:00,333.13036862243194,446.55213786955017,15.682221079297799,0.17833108384311397,2984.2974517270804,OFF,1070.9727840398918,68.44162057117383,237.2852295844289,3.116557958566088,5.090895328280593,No
2024-10-16 16:52:00,326.98828743896564,483.2466466572074,16.869425675926667,0.30450206225489546,3164.9410940191974,ON,954.2261485454853,63.35496181388276,212.7305715309988,1.6535214977343924,4.979245243432865,No
2024-10-16 16:53:00,369.16515232847763,468.832442044808,15.839378616941044,0.659604002864222,3279.863520343826,OFF,1006.3229609530345,66.28835993561714,222.15126446022214,2.513043720480002,5.173715950053761,No
2024-10-16 16:54:00,354.9847101796939,467.2928012961406,16.9162785217396,0.5762797974406331,3272.078679003616,OFF,974.8565623164523,72.63490695681877,203.86524274637668,2.4218950129407877,5.317808736856217,No
2024-10-16 16:55:00,338.7727019516517,517.8966135176729,16.407075881059132,0.426262767109276,3300.8575706768543,ON,1058.943296851847,70.03780090197067,225.04874568188552,2.1580439110544667,5.087583401523807,No
2024-10-16 16:56:00,373.26727963283787,474.4812936254853,16.241033363667693,0.4557498631464062,3258.1929460274887,ON,1065.5581148301808,74.71469309948617,213.13473157481383,1.6647284192916585,5.270020984751877,No
2024-10-16 16:57:00,351.73511951439286,458.72313424857225,16.18436657365876,0.8088503991477867,3098.5982681459886,ON,1043.2034991069474,70.90626974172525,235.70069070663646,1.9243012540292954,5.104984746994813,No
2024-10-16 16:58:00,367.6894577609574,463.60463605691683,16.196898649108125,0.4446922281392356,3097.2198746702315,OFF,1015.3067276551378,68.2377313418113,231.6033655931022,0.923205943527724,5.210607257638684,No
2024-10-16 16:59:00,351.0127772211516,487.22668563795133,15.036163710327195,0.573572626791278,2960.209720401225,ON,988.4470231579551,80.7414843189348,212.5644108013765,2.1122100191911253,5.2707791614155015,No
2024-10-16 17:00:00,380.9112188732298,471.69905615806647,15.860558302924622,1.2509809764241628,3556.955007837019,ON,940.4062647904375,69.53048215643476,218.10003958978504,2.1748076655141926,5.1340504563161575,No
2024-10-16 17:01:00,376.3301126366481,448.4258303252395,16.42257898559216,0.17289520893482307,3202.6900729238587,OFF,1097.1764440561099,75.81500484852651,211.73325639939057,2.066749709530686,5.217048468069692,No
2024-10-16 17:02:00,346.2655377728139,483.78843401862804,15.975551408262946,0.04444718052760244,3155.0293888410297,ON,962.0163491123724,67.99395396727661,198.70850205182487,0.5133469143537213,5.158490866327467,No
2024-10-16 17:03:00,364.57356426431534,459.9778387169151,15.297405076598212,0.835076899439582,3014.241583709508,ON,1033.182317351642,73.54799739691784,207.13836355679175,1.3671817774550945,5.2705148658938175,No
2024-10-16 17:04:00,359.6806392437772,498.0994666432632,15.973797774711265,0.396407081611769,3787.1315804655555,ON,1052.9782786311698,74.64007829575843,222.9732599158123,1.6259545085756688,5.223531716848464,No
2024-10-16 17:05:00,370.52947336298524,486.2007209857197,16.852052758127744,0.504528741677214,2985.334393555421,ON,972.2359751547335,71.0424598528779,224.87889247344373,2.145829466594523,5.205650767442927,No
2024-10-16 17:06:00,335.5261480912984,463.2901715651187,16.62344585776736,0.36565308656066575,3114.2304148787853,ON,1051.9006263657982,58.22758538651699,222.22821855388958,2.1446694528214922,5.355834996014198,No
2024-10-16 17:07:00,360.29077189997656,489.2152454260267,15.968997995316984,0.5220599577697462,3283.167367257212,ON,1038.2106601669427,70.09126230428056,215.47400419062046,1.9148881040144103,5.2662306142368305,No
2024-10-16 17:08:00,365.8763673027438,471.0178326579111,16.475724638529044,1.0795614336289023,3320.0425931488558,ON,1086.3981917690883,76.15230023879988,233.9959990858148,2.3176227683019786,5.130964813387371,No
2024-10-16 17:09:00,323.6189077036533,482.7916051268333,15.816746489815975,0.8406385375854357,3391.5864110431366,OFF,976.5326766786644,72.63740416513865,220.95312856841406,1.4868788123485501,5.191413609920224,No
2024-10-16 17:10:00,332.2511223100134,477.27099225941714,15.14806420658664,0.8586670535660931,3561.521701553853,ON,935.7067991360143,72.22919437614624,230.54880742143922,2.305117502846998,5.192410121492034,No
2024-10-16 17:11:00,319.4115173335985,457.3046501751369,15.537767005935223,0.17513188326220636,3301.2315310921426,OFF,974.7255122277744,61.388715330212406,193.39337301696222,2.2373710524199457,5.208031957262522,No
2024-10-16 17:12:00,345.9588974833316,460.34675251523805,16.781444384254097,0.2546538790341392,2988.7938400066664,OFF,1010.4426771267166,66.39772464662471,161.16399622572487,2.188777366418955,5.45245092766075,No
2024-10-16 17:13:00,360.76313383693946,485.4494122637174,15.863003459085348,-0.25172359784562803,3148.610974975644,ON,1002.9106363542528,72.05678815575719,224.2568204175712,1.908979784457172,5.2370851892711,No
2024-10-16 17:14:00,372.53535578144044,464.9783700184019,15.878308010312491,0.3571857536751738,3261.566474502777,ON,980.3281051862725,72.05191638393445,198.62851519417765,2.915371912415631,4.996409742989522,No
2024-10-16 17:15:00,351.11142170629665,463.94527305137007,15.85008090186256,0.8870109559156976,3613.6452083011645,ON,904.5401270511379,76.07333390066451,216.81322445930417,2.2465978442449392,5.145720102828304,No
2024-10-16 17:16:00,374.42923318356935,455.67316130975973,16.952068294786503,0.7550839547245113,2920.4389043151405,ON,1023.5241498064553,69.27566622426953,215.46854438463092,1.5158320683732205,5.006762791250419,No
2024-10-16 17:17:00,329.2984781267766,476.3539859839019,16.81297945768103,0.5335460211143628,3440.5153010450454,ON,1098.61722395411,72.02912043336907,243.81100903623306,2.124152737867992,5.167020174295416,No
2024-10-16 17:18:00,324.44926340967265,500.93787378864715,17.109390116724068,0.5933099148845841,3235.982873909283,ON,1023.2125619061502,70.08187120965647,225.9999482941541,2.3762416885371094,5.001268977027357,No
2024-10-16 17:19:00,349.1667845165507,453.98700628618593,15.920477394799974,0.3933343372273783,3367.566107045896,ON,1030.4567759526756,65.06528631749222,222.4878854019801,1.7059457005378453,5.1128409528931575,Yes
2024-10-16 17:20:00,355.7609817340896,470.36329185009134,16.147812244373547,0.6614276647205353,3179.6010566728137,OFF,1028.622265307755,58.721043344526265,232.5548673195051,2.5446361234655495,5.047927847036588,No
2024-10-16 17:21:00,349.5095787785886,491.18330833123144,15.241678725289605,0.8297634838441844,3031.5134739747346,ON,1019.85233349412,72.15504846065038,225.52746380258557,2.1910168528580054,5.238416017796748,Yes
2024-10-16 17:22:00,318.9883684994019,468.8053791313143,16.73846721305914,0.11523396377685818,3350.1745558802663,ON,1046.5832983434047,70.86973604206406,213.1348451051735,0.8287608311673265,5.200053936262888,No
2024-10-16 17:23:00,348.6631994073082,476.78557694374604,15.416110224366033,0.6898943063512044,3330.886205421124,ON,1019.7686840592833,66.90912478949916,236.0721389538184,2.149835988668963,5.2302962307498735,No
2024-10-16 17:24:00,330.4329574924272,454.0640970777968,16.108387781881316,0.8797304612864001,3394.411393147944,OFF,984.3661415173362,61.904134717420675,203.3537480816759,1.7969854227936424,5.189544861143148,No
2024-10-16 17:25:00,360.04508823245055,476.42460645811474,15.451348736183578,0.4754699133109891,3197.339072924273,ON,960.2005544995623,73.14869757204369,224.84870781300344,2.268589907270868,5.060570224979559,No
2024-10-16 17:26:00,355.4989736914527,467.19283602493175,15.705566586630653,0.810210183636175,3080.03559533603,OFF,987.5513172359663,68.67039962902224,196.78645308795532,2.4721074201259072,5.251352136925473,No
2024-10-16 17:27:00,335.90180320508966,484.78594993519795,15.58136878447515,1.444396333341766,2888.2426009952314,ON,1015.7064748225333,72.78437361184072,223.05915786273994,2.097581023570909,5.392222456026945,No
2024-10-16 17:28:00,342.2919962399496,487.81079077347124,15.69606236966209,0.5686971621039324,3363.8746536278813,ON,984.1958519438514,79.3202426520588,222.89484462659394,2.8326261169723477,5.240921257860655,No
2024-10-16 17:29:00,334.1117971716657,508.8434546302792,15.73043864842551,0.7179921150015971,3284.777896488797,ON,1015.7169341565715,59.29284559840148,245.14682442871995,1.910646557718252,5.1574075400682435,No
2024-10-16 17:30:00,349.05981354090244,478.6944975982036,15.72586560253746,0.3785828749015825,3006.843473427208,ON,1021.9575066850209,66.50199595648819,196.52539159837332,2.3124089115269375,5.057193282389456,No
2024-10-16 17:31:00,364.3271348075186,474.8869447487325,16.416666955890154,0.6543753487806151,3092.2852653406753,ON,1041.658971563509,68.95312193344043,210.9866923621928,2.4024712868186735,5.1091933029240035,No
2024-10-16 17:32:00,335.2141093049668,472.91576452366,15.44756860346874,0.7380814874946912,3106.648237609712,ON,1064.139748441949,77.27413087073326,232.34023639861215,1.9513270155536335,5.2453039656572065,No
2024-10-16 17:33:00,357.56069773276766,464.70250560783967,16.110270713506935,0.6584527020810413,2903.4031136035164,ON,1003.9003709239429,61.81798490396758,225.0297588459596,2.389387153988891,5.307311802679938,No
2024-10-16 17:34:00,342.0461357244134,475.0772576519254,16.60897957615278,0.29409140408734297,3036.463520678973,OFF,934.611171742617,79.67930512840303,222.70457577006255,1.7026635064189155,5.226086617472197,No
2024-10-16 17:35:00,338.10690751606484,465.56897884791454,15.743401817743303,0.6619085313976352,2973.233928638729,ON,982.7447951590405,70.67927950783145,205.6579644556219,1.7887157904893907,5.279988728970599,No
2024-10-16 17:36:00,348.3945446006816,472.5269146440442,15.6410405546262,1.038658781615291,3117.5041976224124,OFF,1002.20312837033,69.5199966913307,211.13772477862855,1.3437556548318437,5.270767824402724,No
2024-10-16 17:37:00,334.4713651637094,489.7639630341194,15.884737687409874,0.7345907293543581,3052.2605003340873,ON,908.2115621911455,69.00970118390546,238.67561512334885,2.1207045581850235,5.250653439138592,No
2024-10-16 17:38:00,341.69526041979225,454.90186152080537,16.589862604180354,0.8885961567215523,2874.5990158266504,ON,1069.4332260051242,67.81868483909986,219.22736209369108,2.162625837927172,5.134152640473874,No
2024-10-16 17:39:00,332.03183161116726,487.0981784169357,16.097053815476677,0.5288964089962117,3604.518046113896,ON,1007.1188956255234,75.24058379634577,225.6303954421671,2.5896315792896147,5.217392351197516,No
2024-10-16 17:40:00,379.47087699374583,489.75672601009796,15.734392852696201,0.8249700718271131,3450.508146205846,ON,1019.0676417290142,64.6573962295878,218.27217506835282,2.3955700021779416,5.115162219611786,No
2024-10-16 17:41:00,350.52895327957594,468.2289720951338,16.24193832559402,0.6837803514649577,3044.196115696003,ON,1068.2763231263134,71.72707090821928,202.25371727125352,1.8576022216762835,5.20174289529581,No
2024-10-16 17:42:00,339.5041173801112,438.17217651487107,15.448853925081789,0.3147267810938304,3254.484279330722,ON,968.4928584928826,68.07909167146512,234.00715639112494,1.4109101563328617,5.233086353106692,No
2024-10-16 17:43:00,353.2096986610133,460.8826701935835,16.340679755221473,0.6955563014396623,3283.493017964259,ON,1028.7020965442016,66.18933275742951,227.54848576798744,2.216425201259987,5.367878380738686,No
2024-10-16 17:44:00,348.31507925463757,489.45491819841664,16.204303653850882,0.3024910009679068,3438.2171709546956,ON,994.5067938449032,82.92987587841948,254.58455256050783,2.5553765862073208,5.069026802563237,No
2024-10-16 17:45:00,346.6854560070017,469.6569790655168,15.846095764430558,0.4101359175345624,3036.278994667984,ON,990.795656649204,72.0952536737673,204.76627930524182,2.3775924869019716,5.24815076309913,No
2024-10-16 17:46:00,359.2125005006514,455.01046651557635,15.580707100776385,0.6567984921877122,3418.4213567964853,OFF,961.390380609781,73.06632772330572,232.3385938180072,2.542238762428644,5.3481236591623595,No
2024-10-16 17:47:00,361.3626156507096,462.42837618157677,15.556659538858272,0.6891732820140372,3090.418939158613,ON,1083.2801606843263,75.68888390334331,200.326840509445,1.8940552344008788,5.275884776583879,No
2024-10-16 17:48:00,342.0424827858421,482.6093003975683,16.267408668172955,0.24323026047686125,2932.8275191662774,ON,981.2249979962214,62.89325027340726,222.36019851509616,1.7666905159121773,5.283294544282504,No
2024-10-16 17:49:00,341.3627263903298,478.2010035230207,16.614490251244533,0.9161957313548628,3344.8273118628995,ON,1034.973212344785,78.76145954561017,234.64759883594746,1.6315493238841006,5.258769490186781,No
2024-10-16 17:50:00,345.87422454272536,466.41601851245457,15.681346126485602,0.7716018834901418,3458.1516848244855,ON,906.2496306264031,57.455214107524625,188.9179732585527,1.9720517666932023,5.329833448977542,No
2024-10-16 17:51:00,315.4711825289662,464.4976338227797,16.22919335177574,0.3885814693167349,3717.581794706137,ON,1058.9994264844893,66.1561679498074,216.92601288637587,1.9607046020155903,5.091252183188764,No
2024-10-16 17:52:00,327.27213406702174,464.1236277643427,14.956486490698966,0.1387245610652474,2960.054946981957,ON,1052.6105577978528,67.70484163410549,211.5518539893607,2.103338814269558,5.061407333402975,Yes
2024-10-16 17:53:00,370.5031140116679,456.16384723252247,15.7076911346714,0.5565286262755705,3339.783937016158,ON,1004.8717055148652,72.90861682485253,209.47064052557317,1.935351271482246,5.199366585953475,No
2024-10-16 17:54:00,374.6745157025193,494.23063534204164,15.984470533564549,0.46621688584165194,3118.0397512412933,ON,988.6528766931037,71.09359133070744,225.77818978389033,1.9331861351366144,4.983883789642829,No
2024-10-16 17:55:00,346.26445940665434,465.1651929618299,15.545158291509082,0.6339421371159069,3356.671742104806,ON,1020.0000002806784,69.16592629650803,236.81028559633893,1.611652973513928,5.323064580417801,No
2024-10-16 17:56:00,358.6483544458365,488.25737781238246,15.531746812605203,0.49106500165333,2905.90208975375,ON,1114.4395330440145,69.94001327686138,218.00081927156268,2.4708095067757454,5.322071519549544,No
2024-10-16 17:57:00,354.66875231815305,492.8197407788368,15.666110221765557,-0.0022370582235029524,2947.446044860287,ON,911.8381650548257,65.10988488238716,223.08229641340031,2.038259031121856,5.156664944491547,No
2024-10-16 17:58:00,396.18321212682855,484.9746634722194,16.146096364163185,0.48349591850965246,3044.825035366703,OFF,1039.1013693787063,62.51383802757913,221.71463129588872,1.912778032857359,5.162922940333949,No
2024-10-16 17:59:00,366.7936236715187,463.52569530922926,15.906335490796813,0.5083142666795061,3215.792809133617,ON,954.4191348923049,73.6325581116803,220.02705259534622,1.6262853733753977,5.192765252484933,No
2024-10-16 18:00:00,348.0812361277885,476.05595135504916,14.880884383337515,0.7900983074322177,3071.783746692329,ON,999.0040801850134,73.46853056268093,203.6598604343184,1.3340434448044571,5.205202065043962,No
2024-10-16 18:01:00,335.6668933909936,469.63706590413625,14.939649923682467,0.39054009761668507,3331.810868782684,OFF,987.6059940460668,77.92247187578529,236.6266690258434,2.653982096274672,5.212717391919429,No
2024-10-16 18:02:00,325.9033051961364,456.4444720890481,15.696567411071412,1.1036024020117698,3405.3789236515827,OFF,978.5840871101123,66.04991451592396,224.42793052238255,2.2773193540659036,5.25582321068783,No
2024-10-16 18:03:00,353.0519545380084,474.86538922582406,16.228843293026777,0.02650783480447283,3319.915508249071,ON,999.4767435473635,73.46407605150462,225.92322235003866,1.1880410787150164,5.182737364699152,No
2024-10-16 18:04:00,338.6547388207355,452.31440313260293,14.626247578637383,0.9933502493407873,3523.7575279321736,ON,943.2914427361105,68.58146635817634,207.90235556461627,2.3815711503548282,5.294319330347779,No
2024-10-16 18:05:00,328.6661943560349,487.81519082692347,15.750134911924185,0.5327043087365686,3283.1653258910687,OFF,1051.4590218063984,75.9523749259674,213.1116940301614,2.4612405851165544,5.24459477771253,No
2024-10-16 18:06:00,340.3014067363621,463.0307405405241,15.736876071741289,0.8578754617030668,2956.6206579319664,ON,910.29282444007,75.10981388339071,217.35798703433832,2.0621880611504646,5.1393036554127365,No
2024-10-16 18:07:00,333.7767799457841,473.01739483809257,16.694168889104223,0.6239404452176199,3472.675302707668,OFF,1026.988225641417,71.05604699612229,196.98812959826722,2.7990554478758796,5.33351126678041,No
2024-10-16 18:08:00,375.3071245260885,474.2493180731921,15.807489094143568,0.9418666608076407,3078.9687528788004,ON,983.6732073732715,68.30234921667007,194.67948512203483,2.1083598210614416,5.064174301387752,No
2024-10-16 18:09:00,363.2245963542418,466.11642539443886,16.191494492370463,0.4837914106341566,3382.083699937114,ON,941.4537553096274,74.8046608930413,210.9887810404215,1.291588236025405,5.190783418917852,No
2024-10-16 18:10:00,349.88041038025074,478.8004070221291,16.07062857004373,0.2704138724466563,3514.746843311021,ON,1010.1191685299348,73.23452261628283,227.83781149663585,2.1825845005241606,5.296691740107547,No
2024-10-16 18:11:00,372.1991620833504,462.8764451506621,14.9347167600964,1.026151286181319,3291.33760214608,ON,922.1524456646761,66.57779798956909,210.20293915105088,2.1224486508563647,5.127692689508786,Yes
2024-10-16 18:12:00,351.1605246147143,483.0694594618587,16.38410360831587,0.5659558062353576,2900.76823736707,OFF,1001.9856910859818,63.361006632602844,204.7179220361393,1.6983515756109226,5.230955564676715,No
2024-10-16 18:13:00,337.08073698007604,449.8103047962988,16.107698252728145,0.6664675420872631,3016.357566698042,OFF,928.8561546094222,68.55733549659102,207.77971520143495,2.2867794184387127,5.254333959699905,No
2024-10-16 18:14:00,372.84686115904486,471.89569369319616,16.254134319837295,0.9704255742134384,3464.548893377027,ON,1023.0636042158916,77.57706907674104,213.1698636528203,1.1661673669045691,5.113947613201876,No
2024-10-16 18:15:00,358.0836506552699,499.0839349858743,17.963118853218162,0.29041342737166953,3166.1754628714366,ON,953.7821333184812,75.73243579366519,214.69211555769846,2.4952834137213946,5.192752228040597,No
2024-10-16 18:16:00,334.44130768510314,454.9950301309164,14.957943530250706,0.7786472692917772,3215.914706988433,OFF,977.4502991485346,64.4383626516471,252.48282178309836,1.5609391481972736,5.1843496169790795,Yes
2024-10-16 18:17:00,347.14491982874586,459.83382544212725,16.862348324880553,0.4230315730611327,3351.764883232722,ON,1014.6974693971581,64.16121292050039,235.81930942730978,1.507526937441484,5.144826214816771,No
2024-10-16 18:18:00,336.8657261992286,477.7086177448837,15.856276240299822,0.5603491933066884,3339.2645724160648,ON,961.3728944078882,76.37341924839743,235.3716116842259,1.9430876138462616,5.430167485205078,No
2024-10-16 18:19:00,329.25800403553495,472.69372672909395,16.143664452201506,0.6216836896152866,3255.7599624770924,ON,997.1018000165849,64.32182047621086,237.5287054641007,2.2164864640218176,5.123689364655452,No
2024-10-16 18:20:00,363.89266321297464,475.2594514891034,15.977243877349379,0.1499334415659192,3158.266325755907,ON,924.3084749377573,72.54647661821004,205.01768695998925,2.081962031796715,5.3004930294067885,No
2024-10-16 18:21:00,378.641249607052,477.337806952215,15.787881833300979,0.3663488871538696,3137.4663108535287,ON,1031.5437801798078,66.91964392331838,201.66453077519142,1.6286704171138109,5.160719898311886,No
2024-10-16 18:22:00,329.02148639271286,479.52082202842655,15.71508353588062,1.0053218677239417,3371.5797650582685,ON,1088.2456902775386,78.08522462260841,203.39694562698915,1.7469553544040557,5.091336381111472,No
2024-10-16 18:23:00,358.4445385503586,486.64549762934337,16.164754367786504,0.8658573565754386,3310.713906213559,ON,1139.6104433954981,66.1478760043106,240.01759200006757,1.433478826311269,5.210281424315507,No
2024-10-16 18:24:00,340.2403614631726,476.14727985392767,15.24141315166416,0.5812081268018295,3148.539999876442,OFF,1004.558407333322,75.71680765102914,211.79212316676262,1.887660049185065,5.26490933843875,Yes
2024-10-16 18:25:00,342.69311924352957,466.38113518072186,16.375289583760882,0.6729370375538679,3416.422462598628,ON,1039.4102070398594,70.92429327030182,201.2296572664107,2.537510607255455,5.292050957506568,No
2024-10-16 18:26:00,341.11409113641696,480.088605518041,15.791902797557373,0.5117272483090627,3174.193176974043,ON,910.9687163546255,71.26097427117143,213.5350569967028,1.997868531178062,5.356226511065507,No
2024-10-16 18:27:00,337.0401384548028,498.4982290234282,15.434965330479821,1.0069750157483945,3029.6675651331216,ON,1075.1367163152795,60.148457093242996,216.42091702428058,2.4297071273797264,5.49452462899351,No
2024-10-16 18:28:00,350.7278244191724,468.0104938042614,15.774993571002094,0.5398942266617508,3048.205860219331,ON,1038.8114252362052,58.985433233971406,224.02619910541844,2.727700668863096,5.22505142037556,No
2024-10-16 18:29:00,337.5357482538344,455.3820604299404,16.628574608431286,0.6695526276404544,3004.2518327380467,ON,975.8033277524383,68.89717029866343,223.76426531068066,1.7059907404815164,5.133690782617461,No
2024-10-16 18:30:00,354.0568523866976,486.6062100393046,15.73233245649189,0.9438090432426195,3145.5179966792625,ON,1061.8590400144506,71.23453031708306,207.57729154189738,1.9067133734723176,5.245287432679489,No
2024-10-16 18:31:00,349.24642835826296,468.194282540696,16.17922680910481,0.36678855454622805,3446.7448556672384,ON,987.2761961677329,64.37401086131138,230.28484588770567,3.0855964305312478,5.173378704959351,No
2024-10-16 18:32:00,346.41577929700384,437.40995680978943,15.634521862142263,1.0676367553490682,3038.9809637938984,ON,977.0987408492722,64.5565329476183,210.41209699374764,2.7221717059899726,5.292596612985223,No
2024-10-16 18:33:00,336.38654506937604,482.71132515725634,16.37896092496181,0.14086157707698693,3237.6951522036206,ON,1023.7667462713746,72.80736314913067,217.65585494942437,1.1637977370938237,5.070283570363428,No
2024-10-16 18:34:00,341.348430041475,461.97007721069116,16.342753869395104,1.0888926393338396,3068.6621308745175,ON,946.8322750084841,72.81427240228565,230.30161105755033,2.193574158030453,5.436833454240044,No
2024-10-16 18:35:00,361.3308683873863,468.6420007654376,16.924304416648205,0.4881973248144076,3147.9381917457126,ON,1051.0812382199974,69.31129469806037,210.37267894083487,2.000279996169848,5.285604809477552,No
2024-10-16 18:36:00,357.5137578143657,474.9797049585352,15.912218027250391,0.5271903756524154,2897.9917576029497,ON,947.2005094036579,73.90100860593037,211.45972864628294,2.413226555429381,5.031599598220383,No
2024-10-16 18:37:00,335.33667132802174,472.857495196686,16.334327402378953,0.03299694864511715,3155.8923541686927,ON,947.4972605088407,64.12898852139926,228.87502074539697,1.6275106162574724,5.1290971097685025,No
2024-10-16 18:38:00,351.48998458143836,480.6417772570856,16.049033769769473,0.4635615847866921,3161.2589240390075,ON,954.5155105795833,68.22032541456515,207.1340023509247,1.580195813979664,5.281608104411394,No
2024-10-16 18:39:00,361.27080685057683,463.4677044414523,16.647935890931507,0.2880580406919347,3308.057588807139,OFF,1037.9750018758061,78.23938802891837,214.22811964593893,1.6619646423531953,5.317634405617146,No
2024-10-16 18:40:00,324.95892078317945,477.6965869726412,15.640583806195634,0.4177060963879582,3244.6561826510742,OFF,969.1612319240146,70.34161064969909,228.3361326706434,1.7140357269007835,5.072776237276804,No
2024-10-16 18:41:00,358.150402885699,466.10679983624124,16.37250265643864,0.5588067102633361,2960.321575009591,ON,932.6002107816415,70.631562572935,250.8113866215396,2.407662083404507,5.271302585043295,No
2024-10-16 18:42:00,340.0606436158123,481.08215721331254,15.902651351941659,0.8873374843418717,3416.8396488087087,ON,969.7160000032101,81.5297329298387,229.0810675714412,1.40939941342556,5.005266012733808,No
2024-10-16 18:43:00,358.5589800288974,479.2305122601958,15.967905911445751,0.6622810054201878,3242.060608044399,ON,998.3978814659756,63.00328917075615,227.08959644485017,1.6886930500203405,5.191066413452895,No
2024-10-16 18:44:00,338.55111265186224,455.9684194693311,16.045876242224185,0.6923029960203342,3239.6787034354975,OFF,940.9513758167807,73.98215183321055,227.96202375509094,1.1054938047492793,5.31120468421032,No
2024-10-16 18:45:00,322.9267684900322,486.28973174262546,16.12612019821334,0.2713441833463313,3198.1635293229724,ON,942.4159445482828,78.3199313990405,203.90214588899426,2.5035589117061865,5.144848426989702,No
2024-10-16 18:46:00,325.5868634317526,461.9605483232893,15.941885478439021,0.33577377311918094,3096.448510555556,ON,1105.5648167049792,68.37571036750727,221.7339510801986,2.63551504971557,5.049307770086199,No
2024-10-16 18:47:00,350.72127419992074,482.12086697421717,16.107356591585262,1.1396175055053934,3243.560467949745,ON,956.9717298093057,74.29815393427423,219.55350267495396,1.8364632845681068,5.214621479637756,No
2024-10-16 18:48:00,353.89583752582223,475.50930970102013,16.789059028781093,0.37943968957102603,3295.1176871857165,ON,983.8478815613497,65.08990251394547,224.82376810559134,1.8510253175933884,5.1395281133364525,No
2024-10-16 18:49:00,336.4352506234339,497.57275515192686,16.492724842807608,1.0968624756171885,2850.620861730889,OFF,981.6381499600357,66.56633802216324,221.74762078713806,2.2266109511414487,5.262955836606584,No
2024-10-16 18:50:00,359.5788868816606,466.6480102644222,16.43457729624845,0.52708164033574,3092.2478325307807,ON,978.9321596114779,71.92483208023818,225.6954951612567,2.7372410036891277,5.111467356778194,No
2024-10-16 18:51:00,325.0771990659656,464.76024805822703,15.772230236988065,0.6006863808430511,3149.010605919282,ON,1031.0673369984552,73.99283336555295,215.32799207651198,2.2043053737819585,5.12273631103469,No
2024-10-16 18:52:00,349.00880302029026,469.70870591168404,15.555379585885838,0.9211095480689788,3251.2341211388557,ON,1047.4071475236024,75.60468256203123,220.87913376057688,1.6512290287624427,4.997899767912376,No
2024-10-16 18:53:00,331.83475700356314,465.4523032574859,16.477650279118876,0.981567726581597,3438.662201185425,ON,984.7022784234204,77.84814293469746,201.5825715091451,1.19058871400678,5.216994471105148,No
2024-10-16 18:54:00,340.2224583829676,481.99912852913076,16.438023396264896,0.5667562319162738,3045.6518370806434,ON,938.1760856703826,69.66276720722409,215.2013908299563,1.4424368686682563,5.18390950617234,No
2024-10-16 18:55:00,350.7109800697462,445.7553408734512,16.73633533787549,0.4835270839435383,3100.407630636432,ON,1063.7220113924452,75.96805877586294,240.86250322264965,2.0366097251562327,5.081161532925993,No
2024-10-16 18:56:00,337.09379952074073,454.1947637128047,15.698009687015386,0.583223865443336,3097.49317787069,OFF,995.2329454401658,68.28847578275426,224.78212509442383,1.6723362383996028,5.2193798713767094,Yes
2024-10-16 18:57:00,344.2316668365526,453.9829561763121,15.885225672319827,0.7013872584696355,3039.6944819790915,ON,1086.5160907428585,74.51045655794134,219.68618443925385,2.097483852995379,5.302707030064414,No
2024-10-16 18:58:00,365.0943921382166,484.25461387960365,15.180257918737283,0.8673911060609266,3130.5627009775476,ON,887.7207051217418,71.03744398926091,248.4418491438152,1.723537991881883,5.178443205658105,No
2024-10-16 18:59:00,341.34662195715276,495.6592005887289,15.803764446969563,0.6012689576982454,3354.160443997594,OFF,1009.770161064166,72.22838953540962,199.5874753254838,1.4709267843527942,5.2268166949821975,Yes
2024-10-16 19:00:00,362.53538168097714,468.4332617219379,16.498285255289723,0.785665889406946,2989.2329009271307,ON,1095.9303166938105,72.1175393701102,203.3581666683067,1.4114841842734644,5.227331124958517,Yes
2024-10-16 19:01:00,333.0543971801357,467.46767415214987,15.7667523103859,1.0915079196812822,3285.5628790305805,ON,982.3367932280921,61.97647495101094,245.69067116914408,2.781177254686615,5.079567017282104,No
2024-10-16 19:02:00,357.94706266872925,471.0507824466977,16.320239897600413,0.7143928836794353,2859.619553996333,ON,988.7253288332682,64.37939070569614,220.689414040734,2.4444938745918217,5.405658582070759,No
2024-10-16 19:03:00,371.6235293098685,487.42817453912284,15.904748447001094,0.6934958568014334,3087.732400711559,OFF,1014.7755845795169,70.51270719908761,216.3612544556531,2.8652589759139793,5.152915016987772,No
2024-10-16 19:04:00,312.92533249809065,456.0897029871414,16.16202851411078,0.14432675247297966,3134.102139956403,ON,972.0602090557521,61.563604601794154,202.01193512356537,2.2699754503775513,5.265611620186028,No
2024-10-16 19:05:00,338.04657116794283,473.5755347410218,15.426154305092167,-0.189219041048719,3534.971934582813,OFF,984.3964033973633,74.15605551599877,226.71544399592517,1.7850042956925805,5.276921527722905,No
2024-10-16 19:06:00,358.6560819077081,484.6279644467364,16.04260472481695,0.7165127187690504,3145.0395390494623,ON,983.1092452904298,74.35777983144071,228.16689804291192,2.661670461244969,5.186040487288425,No
2024-10-16 19:07:00,346.9543192093551,477.51641254909765,14.50443201454964,0.5715527306157383,2759.7513053098164,ON,968.6289632786813,71.63585276438896,203.58258458747656,1.9834659993191162,5.260679502505964,No
2024-10-16 19:08:00,355.56718810056964,472.8437242489812,15.906551920919007,0.44556519752557744,2800.22221862775,ON,1061.4428275100279,64.39432993621038,217.89586621674357,2.1104208851451762,5.224581922181639,No
2024-10-16 19:09:00,340.9402221992627,485.0156913885071,15.18476337814243,0.6730590612559033,3206.805917269336,ON,1023.0539016148217,76.90069469434258,214.967262519504,1.9785878104622405,5.058236024277259,No
2024-10-16 19:10:00,351.2988468120935,429.4515156050114,16.602997258273408,0.5818788812409275,3322.7541711579815,ON,1012.5314116051651,80.1860531985918,223.83965719628156,0.5265478903579928,5.1667727298749915,No
2024-10-16 19:11:00,347.6648414691188,480.1681297929636,16.388703676382256,0.9383340751901695,3275.0911715254506,ON,1040.4285503445058,70.73538413722987,203.21124636669035,2.8023675061474265,5.138744909764594,No
2024-10-16 19:12:00,367.5167309248971,460.18886475308864,16.23333549098304,0.6258332604776934,3233.514021160198,OFF,986.7822083398266,72.55267689225619,238.77921181769736,2.2455019729788765,5.153825495865387,No
2024-10-16 19:13:00,353.8163126495182,442.54050654715314,16.76050311357969,0.3759230144789497,3432.4519195011335,ON,961.289809082355,71.00869327398021,233.73735672396407,2.164911530434255,5.069599682216336,No
2024-10-16 19:14:00,355.06403993112804,477.6680389928747,15.525541739587581,0.8970498716877866,3092.0817558525737,ON,969.8687847692721,72.651845944994,214.55236661900776,1.9691119688647196,5.3126433716746035,No
2024-10-16 19:15:00,343.821845508163,490.6048781774444,16.87368159895778,0.5348606775161392,3378.982111205365,ON,1000.0891520552304,69.40220621686802,216.75371932542444,2.0817139101930655,5.3601992654613415,No
2024-10-16 19:16:00,342.68590663891257,467.9382722805846,16.466095782130193,0.7579610051016921,2873.5970229947166,ON,947.0394145813549,69.82717880078098,217.95366774583576,1.701360532076876,5.297800297599841,No
2024-10-16 19:17:00,343.5116271827057,484.29311820804406,15.881722356390528,0.45677678814215983,3019.0104334123866,ON,974.9869491706662,74.52858800248683,208.32537170490244,2.3082896761536356,5.3270529224147145,No
2024-10-16 19:18:00,355.91678213567445,494.1841738698297,16.56781007359147,0.405051934350769,2838.5917210136367,ON,974.1941679064282,81.7281208094822,213.34855872647447,1.346450827800434,5.165536516299184,No
2024-10-16 19:19:00,343.68523278769607,489.7237168037607,15.446853243794182,0.6252504690557088,3145.0309398660415,ON,1106.2278114914507,62.99964382799131,215.94594448488087,2.0930342162352735,5.136374316501397,No
2024-10-16 19:20:00,354.3466228534462,494.5994679405709,15.587742919236163,0.6038485930631056,3190.7477565467316,ON,861.3092530033042,69.48093757798516,244.1930255606069,2.2807867352855524,5.122141295318829,No
2024-10-16 19:21:00,381.1310119796816,481.1319123660784,15.69570513838015,0.7439481106100498,3222.820298445304,ON,991.0190139297183,64.09769757383958,234.19927462495656,1.9006654330885484,5.2644064922957226,No
2024-10-16 19:22:00,363.0668705514754,471.1315045835239,15.735511145967992,0.5194062740070772,3212.376670577427,OFF,1086.2846896407386,77.96012449288041,234.01982061004935,2.185433896235512,5.222706305314415,No
2024-10-16 19:23:00,345.10964701748236,445.97051282154246,15.471721178619873,0.04909206486888085,3014.4893338376546,OFF,1006.0922232066227,67.06131015340051,225.54888419506585,1.504332803882875,5.192277828840157,No
2024-10-16 19:24:00,368.01820883245915,466.3090626780508,16.611541533547662,0.47016783492348335,3161.951831117357,ON,1037.6708736710546,62.78399603107103,203.24009486603148,1.5170866145520179,5.329514854419535,No
2024-10-16 19:25:00,343.8788694046767,457.35130107025714,15.870572799815085,0.8381455401431447,2900.5106662788503,ON,1004.9913157549884,73.19093499424287,219.37763343133932,2.1183585605131965,5.240494135381534,No
2024-10-16 19:26:00,319.4281319723322,502.5641407624672,16.17625248417844,0.510787176227068,3472.6457950264503,ON,966.633330939176,78.72155557371556,234.55732689420068,2.339274827310526,5.116134236247942,No
2024-10-16 19:27:00,334.87870533623897,467.36171281351494,15.714824316793159,0.5260849792456356,3139.2747854204,ON,887.9042032745543,73.31798934280381,201.1260305594907,1.0625671722491445,5.131909117086431,No
2024-10-16 19:28:00,321.93812118461216,471.8480721017673,15.089698349725742,0.8959129517717811,3102.222776191262,ON,1010.2727843518152,71.02398938640958,229.54829810309897,2.2610103175553835,5.268199329925415,Yes
2024-10-16 19:29:00,344.7272977393804,478.272280640607,16.13502867919571,0.3864080318223232,3517.7880656888165,ON,961.2196697698804,72.04570461387996,254.8391383789415,1.7283992498118315,5.30417328526546,No
2024-10-16 19:30:00,350.2762756878433,470.6540366955868,15.043872512290111,0.13715903452713007,2951.550693290154,ON,959.9832296917348,77.07420331412777,235.92724968984598,1.9035969563462938,5.255168023225597,No
2024-10-16 19:31:00,375.1465596841292,495.4257656064613,15.965682976957266,0.5518106641423517,2974.8825771936063,ON,975.0506372010444,65.62900364992925,241.2104370334298,1.3302410382174814,5.3896888747872085,No
2024-10-16 19:32:00,354.90391060646243,460.66025957398324,15.315842480583594,0.4547478146253789,2980.755935026287,ON,1087.2430703311747,69.44076447956843,223.2750812566324,1.574191379906646,5.363500716573142,No
2024-10-16 19:33:00,346.71349206786704,472.91911182855864,16.993637999615405,0.3101261040740238,3186.425723660104,ON,1120.2418771126986,67.73654925745234,234.51897923147484,2.4830626627651555,5.244103583485076,No
2024-10-16 19:34:00,362.44108371775235,458.86294121452926,16.45568136108736,0.5473864632303928,3286.3263259275195,ON,1010.86039687642,64.16067346354144,209.23220178468947,2.0164316869901064,5.11614193405185,No
2024-10-16 19:35:00,316.8329703648817,450.1996623316894,16.05287689563574,0.747451694174035,3347.935093623567,OFF,976.7616388044136,68.35812370291599,231.9379571851184,1.8086107991452207,5.069001248826823,Yes
2024-10-16 19:36:00,353.53421837162847,460.82346363642074,16.631853338827334,0.5972134315296552,3714.3990634989937,ON,941.1386791274394,75.53860547991225,229.81582201091146,1.9417558236844825,5.161261825498529,No
2024-10-16 19:37:00,361.5629779083045,469.4444480442738,15.576842011267132,0.6920943218058713,2750.113509159847,ON,1023.4270080773034,72.83301074196363,224.34866761056495,2.2446059123321507,5.275321344641616,No
2024-10-16 19:38:00,327.82120631330235,463.5604666322411,16.271739689335046,1.144022309554627,3321.7471178248834,ON,1089.145280003257,73.22155250054101,239.74011129577747,2.220247248081669,5.382664707931194,No
2024-10-16 19:39:00,367.15631064810395,459.61368530189213,16.099905216859355,0.4971363415327308,3088.5738854855535,OFF,987.6329806487422,70.73237805826659,211.91822743228917,1.9624864998015996,5.24174470344108,No
2024-10-16 19:40:00,355.0774461124162,448.9052380449225,16.132010040666835,0.6835045903934008,3082.7169702222454,ON,881.0501979623388,72.61661891364294,217.19413725289508,2.546479555448334,5.316872279423124,No
2024-10-16 19:41:00,343.77068129148796,468.75341641056957,16.636176750053384,0.4472359912202596,3076.0455743492244,ON,1033.5024835907761,65.99704828825948,221.43193062037446,2.4852313184533332,5.17546925138122,No
2024-10-16 19:42:00,359.49172799159425,447.429194389535,16.3662460513899,0.3460920840339081,3018.2460658384052,OFF,1049.2699855725025,68.45245057036385,204.55583543365898,2.206686014565198,5.262276912522755,No
2024-10-16 19:43:00,384.06039286706596,481.40083945534406,16.14436183141251,0.424527703974669,3536.90496692069,ON,920.7077179807077,70.96002118484338,223.40397915700373,2.0273058914550353,5.282335682947718,No
2024-10-16 19:44:00,352.72799382587743,471.23659629401755,15.172556281885852,0.4563724285434934,3368.4594654027806,ON,1008.8242091831477,71.38757929440945,194.2160438056923,2.3286605475597697,5.002040572414748,No
2024-10-16 19:45:00,353.72330879450504,448.13672750802607,15.519976852360267,0.7078427392641377,3204.639195711475,ON,1022.561300806805,71.60093927460936,235.70431801642314,2.1571337109005917,5.158656119762349,No
2024-10-16 19:46:00,343.10958650689633,465.36186384425207,15.938645533202138,1.3047227360102271,3470.2031504974,ON,996.3446348995531,69.3083235899181,220.6995604984895,2.5304000359029737,5.294970038427787,No
2024-10-16 19:47:00,337.25233445802814,458.7176539161413,16.046686187138327,0.3851869691172479,2897.494206940225,ON,960.4614540457324,68.11288299434835,212.18660644144356,2.4497806883691537,5.227446833563657,No
2024-10-16 19:48:00,362.4550372481637,474.7876176562877,15.434898137663039,0.47501240831536123,2933.8589737338148,ON,1050.7968611781778,85.78885641522149,207.48439581557318,1.4908730492911357,5.080348495184907,No
2024-10-16 19:49:00,337.158742611367,490.1067566903472,17.20583833778921,0.5810630960666255,2764.4064535610623,ON,979.8310127015659,74.533936364662,216.48131455571217,1.4570184146291467,4.956987762427264,No
2024-10-16 19:50:00,351.07349355829086,441.87241295531385,16.758197027626785,0.7187396546129241,3060.1170919753426,ON,925.7406918650034,72.0657373797631,230.3238956615862,1.6493752277979619,5.1634219254698,No
2024-10-16 19:51:00,342.83513829852325,471.72539118721124,16.301059160196242,0.6790652435864355,3232.339705340951,ON,897.526275716516,68.83395750896803,228.21608468106342,2.4880693450334608,5.1928414307106125,No
2024-10-16 19:52:00,357.18469738619586,467.59800806650037,16.03601843064187,0.9852287381844351,3220.571715586467,ON,1063.0424759999655,67.74390586528062,209.41693079082307,1.2118455016143772,5.111607705017166,No
2024-10-16 19:53:00,355.00493157930424,480.070101146757,15.893895515049424,-0.1279176211605625,3229.868382211976,ON,1030.833198823556,69.34599703136521,207.30940491058547,2.1973786945539966,5.2143084937027995,No
2024-10-16 19:54:00,365.5630991638685,473.1979494235653,15.524040769988883,-0.11607896105870186,2917.7886337867835,OFF,1004.3986773564584,71.46414421793342,229.85348059479472,2.1812715455464806,5.25063867472329,No
2024-10-16 19:55:00,342.3497540171788,458.7204600239177,16.03874025925943,0.4512365483969552,3360.6309485228044,ON,977.9862681574598,60.59782227968459,209.16478893077456,2.5813240293430963,5.267068717072624,No
2024-10-16 19:56:00,345.9518759705994,465.21419096500074,16.128876270071377,0.9291900562631126,3247.9255036478,ON,973.5500792898437,62.153052023126584,220.89864661119256,2.090169345331944,4.964408107506768,No
2024-10-16 19:57:00,335.3185442632654,458.0596121479477,15.379119712259188,0.13030559051832113,3346.6108562931995,ON,946.2131675779194,66.81558805530521,221.85631963786415,1.3283953047080497,5.068571490219188,No
2024-10-16 19:58:00,343.3356010988583,486.140107078979,16.16708820862245,-0.3022897019081271,2821.4475644819895,ON,978.4272177720057,71.03569718389284,224.68093197590107,1.5203225196759385,5.169537735164527,No
2024-10-16 19:59:00,355.6595073956728,470.31967473007916,15.922370475587625,0.7713538218657626,3262.298171759558,ON,893.9956392439913,68.80363426424074,232.87405645272807,1.4090022390510877,5.257217313103746,No
2024-10-16 20:00:00,361.3548292496803,498.5178602862951,15.046096221061305,0.6730971671108144,2962.446952016495,ON,963.1968173265743,77.39060613049742,201.05555594699015,1.7310280168334298,5.248923401355004,No
2024-10-16 20:01:00,336.1675201373356,469.0900877927807,15.569807494610249,0.27293747796017104,3120.5353494897277,ON,984.4531241824453,62.58801606502116,191.33261012109267,1.9085492162880366,5.2471869947876675,Yes
2024-10-16 20:02:00,363.0440888015849,459.37389849634303,15.793197233289177,0.304338119783721,3306.8729797272767,ON,1030.494002359521,66.24327265198315,211.48829078157473,1.4172792368894715,5.161658205803107,No
2024-10-16 20:03:00,370.3345678820743,447.2942841108076,16.943843828670094,0.30907688410959766,3218.2187212511826,ON,998.0036768313319,77.6004587049555,247.0229261174828,2.7353309953261444,5.167236656269004,No
2024-10-16 20:04:00,356.2015235483555,442.95290485616084,16.27827656226688,0.633160595242182,3029.6920040441364,ON,1039.7461556937778,70.65559662337573,250.33261150131068,1.3373593140237796,5.1271670731578265,No
2024-10-16 20:05:00,378.151937188371,446.2379608549177,15.332259215450055,0.41210541714509785,3201.2546312368836,ON,1067.4567552556714,74.42421291400579,247.4676570334883,2.6730517119312402,5.276819412810585,No
2024-10-16 20:06:00,338.3931620134464,474.00689976517225,16.24301814470882,0.7482191756926558,2893.6929369512713,ON,1052.908504691205,80.25623471634732,217.10527948358967,2.59258151571967,5.1079511212260424,No
2024-10-16 20:07:00,331.3301794503287,477.630875348449,15.226348005530816,-0.25638799887131736,3430.053479179659,ON,1023.5254923689279,66.53097791049089,193.26827377022755,2.4491512748445174,5.2850036395189575,No
2024-10-16 20:08:00,323.3191962664358,446.28213946951803,16.541345526943537,0.34294444046166017,3158.94319610075,ON,1000.5931339590392,69.50342831103984,184.85441347522237,1.6531166962516248,5.2207853238137645,No
2024-10-16 20:09:00,372.44066467233773,483.42557471114173,15.764437674091061,0.2621838117266849,3423.709988851065,ON,950.9605995793221,68.63786549534564,210.78942757675884,2.1712254395884507,5.195495552154485,No
2024-10-16 20:10:00,359.8154848453109,462.7540842247484,15.953181905630414,0.5230977964882523,3094.693662580791,ON,1036.9972025689658,60.22703497758362,217.0288955477596,1.361314433224691,5.134328960022353,No
2024-10-16 20:11:00,349.1662299363432,472.20189517978326,16.662898323771095,0.43858567245295843,3095.2848023186834,ON,1083.9873691110765,68.44801598122015,239.50938101583938,2.4554535175168746,5.064445813883587,No
2024-10-16 20:12:00,354.1995293947973,494.18330942383136,15.356418215707874,0.8393531339687299,3047.1626426724306,OFF,1017.1053019825209,74.40531093690333,233.0170818931367,1.9630076092318656,5.135234724362196,No
2024-10-16 20:13:00,333.1176642905244,483.452589737983,15.301440907443505,0.04219896850198279,3375.234786338615,ON,1095.8629574213062,72.7029477090612,223.4110761848743,1.7953398927066573,5.166999313137511,No
2024-10-16 20:14:00,386.6862796942524,465.9720402814125,15.708200336826998,0.6136474428992256,3058.1137685343047,ON,923.7214145969458,73.09541584694006,206.65232843588288,1.3881275766718653,4.963097568841875,No
2024-10-16 20:15:00,351.9383177296284,456.6321166187707,16.51918942550966,0.7675009269635116,3328.9190864830352,OFF,942.2918307610229,68.1224550968025,205.58830662632664,0.7612469406854916,5.180264484466534,No
2024-10-16 20:16:00,351.6409219190734,437.72276898006044,15.240326962261578,1.1569942309685863,3123.509520466142,ON,1042.760075387413,66.7195138199718,223.81191530607154,1.480729571482122,5.2924357368026005,No
2024-10-16 20:17:00,360.88649935848036,459.2127002113637,14.583922200944716,0.4554702086719574,2804.8073400216763,ON,1013.2145105076626,76.3462783594931,230.45576468259588,2.5563990978064535,5.256721790543388,No
2024-10-16 20:18:00,357.2151384760507,466.83304641758457,15.7744205707955,0.6973375813057551,3085.9371864427067,ON,1065.6891088285904,67.51341426821165,225.87821893368377,1.798583285762598,5.150379412425849,No
2024-10-16 20:19:00,353.35826036418695,455.1923070927322,16.275870399955462,0.058841162231290545,2964.1783571274304,ON,999.226417963663,71.47041019396607,204.48103060590017,1.9153355714424762,5.204693629841523,No
2024-10-16 20:20:00,338.14288316832034,468.03114549361544,16.600130874869414,-0.11758686129390716,3206.7805447364676,ON,956.6012288735834,70.8166734033877,229.7600144318813,2.3277771791442263,5.1443835430578,No
2024-10-16 20:21:00,357.07202535703993,471.1527782443815,15.768419318957301,0.8534323127345099,2961.918452865102,ON,989.3203378897479,77.30858508128559,226.38866450652117,2.9028344390581324,5.21487607333357,No
2024-10-16 20:22:00,378.2303674471255,466.6271602728788,15.794286696441999,0.5983319119055788,3385.1950201429236,ON,923.3658014538133,74.8570617883618,203.94000390714731,2.6625023274728195,5.354010782374403,No
2024-10-16 20:23:00,370.18130069232467,460.2499612876481,16.576950367127875,0.9535538069395268,3181.7848279293944,ON,943.5704663451482,63.52370689666439,208.23518544549617,1.513832498091906,5.296849880262488,No
2024-10-16 20:24:00,373.89779939959095,472.5298200795009,15.06512915015229,0.18797913330907523,3164.480801048252,ON,1048.6221998959004,64.0622341661248,230.3274396184235,1.0287147142812967,5.2520794305692755,Yes
2024-10-16 20:25:00,342.3317648535322,476.6291097435411,15.805739612408495,0.7559706418586257,3331.1784275575164,ON,1043.6393707234804,72.89454909034568,216.48238697281164,3.179807129550052,5.150711508761629,No
2024-10-16 20:26:00,335.1559276961213,453.6440138383573,16.09521194496253,1.160645352163156,3392.7813868151725,ON,1018.1502142403039,69.67831176310416,243.83720952454686,3.1344958058297268,5.274993839294484,No
2024-10-16 20:27:00,348.11319619850525,491.16398569619406,16.224609360642518,0.7259116825071797,3195.9802496460698,ON,913.9461239519766,67.72414108023118,227.51693914096865,2.0942267982146414,5.031312304862695,No
2024-10-16 20:28:00,350.8358736843304,468.5211780157361,15.745096653404559,0.6829744516773146,3045.7599400901418,ON,982.0798212243556,75.07813941997236,212.70053217716097,1.364755877209089,5.174764651800911,No
2024-10-16 20:29:00,366.41287277706425,470.2827443441727,16.017220505852922,0.6025668242473049,2845.2060767775743,ON,938.7500055669975,70.93729691044456,219.846915994136,2.4816132669469697,5.258371141982395,No
2024-10-16 20:30:00,324.6130305542777,480.62321634884836,14.755836323293504,0.12873556286222632,3062.790048592964,ON,1058.8266626893883,70.26228693444722,220.95075088956577,1.946008156993695,5.274042121404776,No
2024-10-16 20:31:00,372.9432547919092,473.4982419689525,15.670875793833076,1.0066718807131043,3076.5575506704076,ON,970.81389332187,73.89914320377525,209.07414530137436,1.9435094384466947,5.266988449021574,No
2024-10-16 20:32:00,347.62988152131516,484.2970495086987,16.226754356277233,0.41674270805848024,3221.4114905984593,ON,945.7126144609225,68.12445502528217,206.3111770273356,2.4472294215525645,5.2294830689209695,No
2024-10-16 20:33:00,343.5967839507887,474.30686247802737,15.50885298287266,0.7513449769149051,3130.9706237723944,ON,1001.4898082560712,77.84259492736277,230.5208484071425,2.1671873734366494,5.180427502091612,No
2024-10-16 20:34:00,334.8184343710975,460.81343938039345,16.0294921107948,0.13108970802862396,3337.5865944102857,ON,967.9922771582694,66.05976188383497,232.67909945563144,1.4070925444925275,5.253797596982649,No
2024-10-16 20:35:00,325.1771499220135,475.42255287809155,16.22343625040135,0.24616210064766586,3077.403345745862,ON,1074.1871955101853,73.28464533171044,229.05672204329437,1.837629032459013,5.10471389594137,No
2024-10-16 20:36:00,362.3475587594287,452.84410689019006,15.828725399571118,1.0305262197666707,3188.5917666294117,ON,963.2594551232904,77.16916419329922,242.72977141485703,2.3305764643306732,5.115532273670675,No
2024-10-16 20:37:00,351.09976950782607,471.62839558664785,16.085231885498285,0.4958093133126471,3436.7974886393777,ON,930.0385870387685,63.1135225536395,211.87340145982597,2.255126111202509,5.20617346764603,No
2024-10-16 20:38:00,330.6505865038842,469.5015501403331,15.518633717357694,1.0359826428127634,3268.3650427909934,ON,892.3543242121242,68.28332412073776,245.11406149106696,2.1310082871792377,5.217319764270875,No
2024-10-16 20:39:00,330.5738184190458,466.8782471409119,15.896694360151976,0.5765308022824447,3187.992491662287,ON,998.4606748793292,75.71103696442779,206.4861832216877,2.466711477237932,5.017438482143535,No
2024-10-16 20:40:00,344.9632295106481,468.071937328416,16.30510808479461,0.04743066811264274,3079.6111116129646,OFF,971.9034943071036,75.78622273865513,204.8097165494726,1.8191415060913676,5.245514638094952,No
2024-10-16 20:41:00,375.0353228793409,441.7722643175354,16.078486480484216,0.8676202799195161,3073.3537206570045,ON,928.5547696744137,69.1425219980588,193.60061676776124,2.089334887609536,5.27727283779194,No
2024-10-16 20:42:00,346.10612972954596,461.7691263838856,15.706734365218033,0.42303230467331765,3029.8773494096104,OFF,1059.4613230627892,66.3266445316157,213.31307029259776,0.31221044991119995,5.192271476253371,No
2024-10-16 20:43:00,327.4528557032284,471.39267351711675,16.112108202145397,0.8096066440551131,3091.79862684342,OFF,1033.3622573714622,74.7796791116538,212.4441649475582,1.775174903078593,5.4374466283283995,No
2024-10-16 20:44:00,346.3138540387108,472.397845879961,16.357304895318308,0.6075632602620246,3351.133167748863,ON,998.5891060531385,75.91774551290803,227.88905920381976,2.3819514542878224,5.131706489368481,No
2024-10-16 20:45:00,345.90914645378496,454.58487288611065,14.975029360711261,0.13706453161713889,3155.6223457415463,ON,1068.2163122085433,64.17668325743803,223.65836412430676,1.8048027664414288,5.163891283661314,No
2024-10-16 20:46:00,309.5467003558764,488.9856176129705,16.579537032477948,0.6492884296111707,2930.045386123754,ON,1033.1268016699307,63.9804317551681,202.10539943471295,1.766886304141444,5.160493309387279,No
2024-10-16 20:47:00,349.18557700223283,457.0073772767825,15.831872630659465,1.2588669426458396,3553.633858611957,OFF,958.8572049240784,71.126283409918,214.10910642361273,1.4792735241125907,5.192381238870898,No
2024-10-16 20:48:00,346.53598204686983,484.54185800790106,16.212744966620114,0.7478959375543377,3263.9930382290327,ON,948.0389918004616,73.14680316714445,214.42806968368473,2.5016829463645727,5.167127518703371,No
2024-10-16 20:49:00,360.44309547220126,476.4079154280753,16.598623461822616,0.5827446740983611,2918.6113198973662,OFF,1040.899077222693,68.50465457384972,193.36026629557162,2.2742316367702853,5.059318945539513,No
2024-10-16 20:50:00,377.7343414241802,460.30659035234294,15.314163151384767,0.9226030205870692,3111.6302145518353,ON,1019.8183478233675,73.39646909991174,205.28579909479947,2.4127072989115423,5.145345170376353,No
2024-10-16 20:51:00,366.89847544321634,496.6296633891427,15.645279498786227,0.6632005395609333,3222.1772765656838,ON,1008.4873883985331,66.4493169658131,208.43779554078867,1.136893019021055,5.190237930422593,No
2024-10-16 20:52:00,345.9666696416775,452.0954475236528,15.855725652062148,0.6628602690788383,3540.9184186594753,ON,957.6751098565546,59.426532004631326,241.5043752973142,1.9197749783671831,5.3228572082062,No
2024-10-16 20:53:00,333.40211136887496,483.78731260415003,15.608123239437786,0.27251244835226923,2978.377508348226,ON,1030.3973783502877,67.88049463833703,222.8717607393603,1.859944496124997,5.420224327337292,Yes
2024-10-16 20:54:00,388.60039704874794,485.00873477064465,16.867468287918403,0.6701544077368795,3395.2081438711893,ON,962.2250558433026,70.3161607325655,229.9325313092125,1.8597141467007237,5.333547389785066,No
2024-10-16 20:55:00,350.88827651021734,459.94069686385035,15.571613953086604,0.9106330249250834,3479.897285394469,ON,994.9006672703161,68.62080020051772,197.52046754276182,1.691986228141022,5.12246209703274,No
2024-10-16 20:56:00,350.2089393786942,490.8869795009649,15.722226610256566,0.3491813543699926,3074.269138985086,OFF,1072.347207319349,64.20698368170258,237.91321724520986,1.8269478641099923,5.130419038937384,No
2024-10-16 20:57:00,349.63812369334994,466.24930228101573,16.10219451580149,1.0273487463740842,3144.497276227953,ON,966.9582882094927,60.92175512060591,239.51653094536138,2.424822391353326,5.184067142249065,No
2024-10-16 20:58:00,352.9712714115178,474.3304044391979,15.398925236961956,0.5724881927564622,2992.738150525246,ON,921.3505371463569,67.42955597816051,190.02482549283062,1.0435743233260855,5.378455888885359,No
2024-10-16 20:59:00,347.83459382114086,473.9048275815683,15.802159644121868,0.33366914653843777,3159.307771783939,ON,947.3726404064945,74.48827885824872,209.42024914126227,2.888647384015227,5.183457594781811,No
2024-10-16 21:00:00,341.39506989679643,467.98536887794177,16.158726630625086,0.8992896230760733,3192.682005131414,ON,1049.7149413343811,76.28098719706841,227.43648359523266,2.2419205625132306,5.067249250946257,No
2024-10-16 21:01:00,341.7971158813941,482.1621240973967,15.833569797808744,0.5139617292785192,3331.929999616474,ON,1012.7365568690104,75.93856692069228,229.66582680307272,1.9788340521698937,5.149882286304696,No
2024-10-16 21:02:00,349.50870094676003,481.9023308082832,15.953306570550026,0.8278544662458323,3418.036694204089,ON,993.5561310655623,65.92045232425724,209.82257904269167,2.453417073186463,5.275705600181942,No
2024-10-16 21:03:00,341.8486284329935,443.7720204014273,15.735333943775814,0.5124724103224388,3050.3807870756705,ON,974.5453097344215,64.23146838184817,215.4175080541952,1.2740826274157824,5.268994027689609,No
2024-10-16 21:04:00,339.30731325984254,489.5651036431723,15.242764845409617,0.5820521569410289,2806.534987154801,ON,1024.2679953776594,72.48317307489948,211.03928408432284,1.667649547424493,5.179978333350834,No
2024-10-16 21:05:00,351.59645341537845,445.0626201794649,16.16079660566962,0.7480680613002875,3195.7510441447516,ON,957.5447574504889,73.17550005798962,221.6562707041918,1.939462283804723,5.268341467356003,No
2024-10-16 21:06:00,346.17534173868717,485.48819306512485,16.877466535823622,0.6872691172770018,3258.7075059937283,ON,1015.2832784321298,72.00084802600249,237.9576779719287,2.682780185216089,4.972682779745317,No
2024-10-16 21:07:00,372.5598948287403,486.9005770524137,16.00920081539172,0.0013404658644784462,3249.883537537008,ON,963.4372715593522,59.92968362881118,208.43436764288194,1.976751709436721,5.21038292350327,No
2024-10-16 21:08:00,310.2354528741048,453.63550354677204,16.112632058623774,0.26362687797168244,3134.6653504981914,ON,955.1170307362473,65.66557707558266,235.0123074665262,2.225027335592573,5.286068542136864,No
2024-10-16 21:09:00,366.37260277883695,463.83778568068124,16.34636137755843,0.8788229954372446,3224.950419932787,ON,968.1256282587494,69.8515560485701,208.27491891479667,1.7052105020319361,5.116713672484547,No
2024-10-16 21:10:00,368.6912778874644,453.414429972711,15.36533475172665,0.5603590233295358,3503.0889616704494,ON,981.2296276758019,72.43609097315213,207.28559181254673,2.2434210344837453,5.116366146350371,No
2024-10-16 21:11:00,318.8991465138778,466.77618454566897,16.851257329064804,0.4428806091685734,3276.346833792502,ON,997.5585082033149,73.83653681301243,232.2789192751482,2.8386197964872286,5.013355184723653,No
2024-10-16 21:12:00,344.8596860887948,465.3794857372139,16.101164398211402,0.19242779542275767,3125.326314999383,ON,1011.7727897555557,70.7212676114102,233.82904567011425,2.497763345837057,5.35898955948107,No
2024-10-16 21:13:00,344.42838701006315,481.69490798404007,16.815928449544554,0.27607910361724547,3099.960436580801,OFF,815.5817354285778,71.65391903269118,232.7711490514398,1.9592720061110602,5.127984602297843,No
2024-10-16 21:14:00,328.88732457923265,489.6546311917941,15.633483502238006,-0.006539591988584226,3166.029528464454,OFF,959.6174721126617,70.42432729180553,200.26303887672788,2.337745423632735,5.224104327786211,No
2024-10-16 21:15:00,338.3327496861369,490.93525716184934,16.909030961278912,0.5696157843895401,3527.347992366128,ON,980.421501132198,73.42809687109242,213.01073532891922,2.288758477303606,5.260391704148337,Yes
2024-10-16 21:16:00,333.34136231801256,461.5674796013255,16.387577747017392,0.42046872582568595,3163.3398580947605,ON,1075.2531019304165,71.56432825745455,232.34482888004982,2.2532938358486376,5.3512067949141455,No
2024-10-16 21:17:00,376.2840566513543,466.86167189383207,16.27652004292618,0.3100236327044054,3196.0411310958584,OFF,945.9998695808933,70.32868830023644,220.62312760845842,2.5559766804302044,5.184610222601437,No
2024-10-16 21:18:00,364.0351758972119,444.7484271166858,16.117012227176573,0.5795629724496141,3103.5372858127394,ON,1008.1398309049956,68.6581560043131,203.89460730703803,2.5522388519187333,5.146057020622158,Yes
2024-10-16 21:19:00,369.07332642491235,457.91194900255715,15.875735690962776,0.7091911892558214,3419.796671488393,ON,1074.751515486792,70.40645712521241,226.87476908688163,1.9364207015625579,5.217306764857056,No
2024-10-16 21:20:00,360.8250809606485,484.47277449646185,16.600265829236935,1.2279593796629835,3591.967450948935,ON,934.3515735026364,72.42295689419637,209.27789111512794,2.3209395307388845,5.328408027654229,No
2024-10-16 21:21:00,333.06422343174154,494.2337423532235,16.070179934924024,0.1464349741310359,3290.1226098862776,ON,1019.6987612932202,71.3373769444903,246.91787272588317,1.8084525394201032,5.182982746859921,No
2024-10-16 21:22:00,342.1321960058034,451.48476692180117,15.016465148206423,0.9478143129901566,3216.554580757085,OFF,959.886408303274,71.90413209172627,243.17262193627388,1.5384638018422112,5.104513091841593,No
2024-10-16 21:23:00,357.3406184184188,461.1130361127066,15.441406769146498,0.8919304683045215,3207.356566634847,ON,974.7683128855383,76.71360930675593,229.0614613953335,1.8652531221480069,5.045924219168464,No
2024-10-16 21:24:00,331.6680828666208,469.6039136456161,15.907077123903626,0.3662721781869898,2723.138642242851,ON,959.8444583023343,71.32581961373293,240.4151005715466,1.9618609241302087,5.077870261539478,No
2024-10-16 21:25:00,360.6949764525858,474.20241738229413,16.154999491582778,0.6609707863758093,3349.0301728569634,ON,963.4071345792057,66.75500739763422,220.9718702518507,1.169209505411004,5.286439149740667,No
2024-10-16 21:26:00,346.39511902762797,457.8559472011753,15.971705755550053,0.4627100251987154,3226.833283199169,ON,1136.0956073953246,74.41803392997085,231.48156241562523,2.4301662797083603,5.167937552369319,No
2024-10-16 21:27:00,344.37768788675606,476.3609156669613,16.609485394896833,0.6557065741256216,3285.668410132145,OFF,1042.2227936035833,63.16900831165541,242.16580442953114,0.616337288698801,5.1392479090079295,No
2024-10-16 21:28:00,360.6643995230524,462.8924097939363,15.024449067980688,1.052739304021365,3057.707561183259,ON,1055.0868930893105,64.59293309630357,223.6824802269147,3.3574084697431608,5.128403277681606,No
2024-10-16 21:29:00,356.6639496722906,469.7832159368258,16.07179396825258,0.7816818697893939,3123.1086242045817,ON,1024.5996743418248,71.67923632360035,216.17219242728575,2.7509395668981593,5.208504586020019,No
2024-10-16 21:30:00,344.5855075127138,478.1942637200555,15.091010387306422,0.7525825119700326,3117.7950126993655,ON,919.6871605799021,72.5819833389329,194.43067062734326,1.8694956379138432,5.176054490623442,No
2024-10-16 21:31:00,367.3899470504637,470.0963340471641,16.379856147742085,0.4709072040136073,3404.324596814608,OFF,1019.7478985161654,63.774743882480024,218.7529971141776,2.0047131802818865,5.172686785628075,No
2024-10-16 21:32:00,333.7840500860015,463.4542116421015,15.952770642778999,0.15478300052269944,3124.248032679381,ON,1053.6464807253674,68.08591259506625,232.35134776843466,2.1514859367936414,5.334932392781074,No
2024-10-16 21:33:00,359.239034104164,468.3558529411125,16.20980498601206,0.5374595368378776,3616.5320644219596,ON,957.3300262980445,66.9695808389017,234.18450141351445,1.705419806005529,5.353801628186163,No
2024-10-16 21:34:00,358.8965188695258,468.67455561191997,15.568058519705117,0.9619824464591745,3286.1724838030077,ON,1048.2663333580563,67.56661838559202,227.56547598577615,2.096309573793468,5.0389978327091,No
2024-10-16 21:35:00,345.3568034102901,464.4498345517681,16.639732465828875,0.1418496430231057,2944.8634680008536,ON,1035.2168104927039,74.71798888136473,211.8805135755664,1.9280000111491695,5.232759273114296,No
2024-10-16 21:36:00,354.89199533363177,466.11805905999347,16.520862332029427,0.28347318954699147,3174.2907413496087,ON,1092.6020022406835,73.53252731773627,190.34767646578615,1.952863641384517,5.122313790137861,No
2024-10-16 21:37:00,331.23329635422044,493.97970755757075,16.291772151505945,0.6378803208702204,3069.6649755687167,ON,979.1108493743191,69.90438910073146,212.57177352992898,2.0907305317403195,5.175174888613891,No
2024-10-16 21:38:00,363.8604052881035,478.4137917191186,15.93524137656828,0.30460356454582127,2761.123506035995,ON,945.1194508862137,67.27019036442536,215.43482693419074,1.343236100823003,5.230927838512669,No
2024-10-16 21:39:00,347.22646795335515,465.5677952295626,16.289928642647567,0.3622429658654362,3519.894188022758,ON,981.9185945313727,63.2517516488993,215.3060654921498,2.019784862066824,5.1787280083069085,No
2024-10-16 21:40:00,342.15915469221443,480.454316067661,15.646553716006325,0.4729204254815469,3340.628508444001,ON,1071.7785496581812,77.10092469390975,229.27834535466886,2.0817238733087384,5.223045988062763,No
2024-10-16 21:41:00,365.7351383875533,464.99270765365986,16.427777829510354,0.19031477874295516,3306.6414635798624,ON,908.5797059579019,72.96056950142459,249.78514616522259,2.064424810677957,5.267297020603192,No
2024-10-16 21:42:00,339.4348446418586,487.5968695637996,16.82474044716196,0.3077634461350895,3233.080732059941,ON,896.5812142284484,66.4666544796343,221.8529380276164,1.8920846222819228,5.229457680054032,No
2024-10-16 21:43:00,328.8730805545466,475.5446328829714,16.535305279989593,0.8110283750361926,2923.5964862615124,ON,1004.4697639465807,73.59799748812446,216.7490231626531,2.568928887984686,5.135316369583238,No
2024-10-16 21:44:00,326.65056239714147,468.39046783993655,15.635198765096295,0.2077890653307108,3103.276572088913,ON,977.8705353612922,69.64888189712687,216.11167280493862,1.8231737225592244,5.137080039302968,No
2024-10-16 21:45:00,359.0901492701846,476.71575388715416,16.18070865863655,0.12063835965154868,3368.3561549568026,ON,1000.3863946587842,68.56445247568828,221.86577150361572,2.113662953411595,5.0560294703381965,No
2024-10-16 21:46:00,330.79355971255575,446.43685771897253,15.353429228120676,0.4109925061398317,2989.7559940434994,ON,1047.2655885617933,72.17605764144801,207.575593594774,2.648648766962773,5.114607970247929,No
2024-10-16 21:47:00,376.3219127297655,453.09848796635293,16.286195155587837,0.8195866507529537,2693.6461367498373,ON,972.3715326940574,66.29250875043637,221.80297838119083,1.960311929989844,5.396206836189853,No
2024-10-16 21:48:00,318.7710588817442,452.0911249040142,16.22530170643127,0.5409234576009331,3154.578798443815,OFF,906.349708453469,68.28121740244946,226.762185044977,2.1072316337337758,5.120799642590476,No
2024-10-16 21:49:00,375.4468455243506,472.1441464214556,15.065091830233918,0.4606256765653145,3171.6484891944924,ON,1102.2240778599971,70.60730532099772,223.14529095361732,1.9518076818425514,5.080662118755618,No
2024-10-16 21:50:00,353.1652620080393,495.98772499227636,15.419108078043818,0.6133076392546821,3227.112683282942,OFF,950.1385856280612,67.50274403557393,226.86312901007173,2.6186848967817995,5.2319927861844775,No
2024-10-16 21:51:00,348.54930332194414,503.4695021928895,15.858430551628116,0.07628777014210442,3345.703728702907,ON,947.0481438993951,73.34542605133763,226.50621414022802,1.8711377192068523,5.1889635240708145,No
2024-10-16 21:52:00,341.82621369786574,479.57076652161135,15.849570126429587,0.7484116961325097,3327.5211624462418,ON,1055.1860006861298,79.3453325183913,193.42154976630334,2.641677288644103,5.180440676315078,No
2024-10-16 21:53:00,355.98704171528107,477.51266712416685,15.395261532290597,0.7150305094210933,3251.7539610487843,ON,980.7755439479241,66.2285093369643,229.55305237593106,1.9482060526764677,5.340904596641209,No
2024-10-16 21:54:00,349.4354794636273,442.9841339877089,16.19448936467609,0.4772074577712836,3439.1062776173417,ON,996.8305073982594,61.674373518479776,209.9347773150632,1.5702701382759916,5.254912667555836,No
2024-10-16 21:55:00,366.5495282302478,461.85989300398967,16.125736804470257,0.901777353538925,2896.206043837337,ON,1024.1395062030158,59.99129916261869,203.56241255494064,2.3396865852870605,5.147000706829653,No
2024-10-16 21:56:00,351.7134147299306,458.1832437213764,15.90286543401074,0.2617511703140884,3300.916362895478,ON,1054.1791551554998,69.24765929252509,203.43322258217506,1.847666083122172,5.157552408240822,No
2024-10-16 21:57:00,352.2545264219282,460.68728602623327,15.622104249920818,0.9383726979760707,3325.3076726673885,OFF,983.3269653409114,66.68417704936908,226.50312415708794,2.3102504495495815,5.149741348609432,No
2024-10-16 21:58:00,344.5458168167922,467.47784272122817,16.524353563208283,0.6463480996785753,2952.087542783952,ON,1075.997600295715,71.0393025053354,216.6613760916272,0.635297807538133,5.287473962158026,No
2024-10-16 21:59:00,349.145815644184,462.9186413345431,16.827703556544147,0.499034223036548,2899.425878263522,OFF,893.2100075632598,70.6629883601305,194.77046824021883,2.0026026309474734,5.169185237054687,No
2024-10-16 22:00:00,354.6170265333809,440.3105028443632,15.758219258076732,0.5940379093895065,3050.8115747048796,OFF,1037.9893618476538,61.98391576692952,227.17056722788425,1.7701973506212598,5.020684649754585,Yes
2024-10-16 22:01:00,324.34747411015064,481.218653841763,15.69391654142259,0.5678205702567175,3067.6917114969415,ON,958.0236220991171,60.92558085259297,198.4058780380176,1.4683706567343608,5.195168032126566,Yes
2024-10-16 22:02:00,329.7772186684143,453.9088546139029,16.245603832706,0.9660848689253151,3350.683892700486,ON,1068.6135658303995,71.47966620173048,222.09732037777317,1.7233794990801004,5.046297399887207,No
2024-10-16 22:03:00,361.14896141034075,473.58870296166725,15.820985310126506,0.27699626175869596,3077.092243261781,ON,1007.1022239415273,70.67714417359979,223.5774838850958,1.7131484278536742,5.41842306017549,No
2024-10-16 22:04:00,352.5629815719191,501.1112400462496,15.930301399668384,0.37124422825602055,3028.730296343759,OFF,966.3547333995299,67.87091000816724,233.28365622542566,1.9760071025747095,5.103433208615277,No
2024-10-16 22:05:00,347.24024995470984,456.20923112620363,16.369826575862337,0.9108908676217439,3077.673252661088,ON,1033.1420546510817,61.71428207433848,246.72527179700276,1.316336769357522,5.183813523464227,No
2024-10-16 22:06:00,350.2765089959809,432.04568715880504,15.045321956246354,0.4213395194448422,3423.7264668308426,ON,1044.6594173603626,72.35695631382495,199.52985511149188,2.1581368901298568,5.225820273470114,No
2024-10-16 22:07:00,355.2137255804251,465.70993667179835,16.659151162426333,0.8701599231994774,3202.6086748753905,ON,1032.094706142932,76.35949772711972,219.21289215905426,2.683107392602894,5.171134183932077,Yes
2024-10-16 22:08:00,341.90360479535957,486.51439452497857,16.03634026216467,1.1098307949026127,3164.1497949286177,OFF,948.515188018347,71.38991220109462,215.85497057433673,2.140464248473913,5.1709969598533805,No
2024-10-16 22:09:00,338.3254291189653,499.3752118133089,15.79425342771891,0.47946149191750986,3177.9989002597895,ON,975.7991438188958,65.76263054717468,226.50624528941444,2.4044943046145044,5.242182728616088,No
2024-10-16 22:10:00,352.93767882646523,451.55675608321377,15.955382922889276,0.8044086979725916,3458.4120668653045,ON,999.7963581439283,70.22276082785575,223.2350315640043,2.5472812273068977,5.352621595879628,No
2024-10-16 22:11:00,335.32440833577454,477.4504883485478,15.981214677510259,0.25389231559804243,3050.1656546793515,ON,997.937017367497,63.16942959533158,214.7118063589507,2.6182447560920883,5.27675090818173,No
2024-10-16 22:12:00,356.1237913357171,463.0203431482992,15.134399348277537,0.8264199894203428,3463.101658188021,OFF,1037.4872737719174,75.28980356919396,213.38646717083716,2.9350693464106525,5.347851387857355,No
2024-10-16 22:13:00,324.4612459364324,468.41077468543796,16.747469113726616,0.6598271957960301,3242.0992597843006,ON,899.2549383746696,70.40922167264769,203.2532371722393,1.750399000862035,5.09533808919065,No
2024-10-16 22:14:00,365.4373345598847,509.66515020525554,16.02066281613531,0.7419114846480646,3167.9161236049304,ON,1016.7163527276751,61.15921544123384,234.81792373609764,1.6407580074194419,5.231736263325536,No
2024-10-16 22:15:00,357.08896223619564,447.4554450740727,16.221501065223688,0.4063283783893815,3700.180099586856,ON,985.500932278168,68.49662819778159,226.88806272399293,2.3917328241623674,5.215524605205828,No
2024-10-16 22:16:00,353.8404460147081,473.8060949224186,16.47577488528702,0.10167497532984826,2988.872102040281,OFF,958.0749691808024,72.31650755117116,233.76652296692706,2.3541331098287,5.2351091291676735,No
2024-10-16 22:17:00,364.7403647591827,477.0153975764815,15.48941877121985,0.7509756194248514,3129.2628480865988,ON,962.87566111152,68.33476189512238,215.3440579528673,2.3878376498078446,5.337623197063557,No
2024-10-16 22:18:00,374.9821166669386,486.2867948740902,16.236735949517616,-0.019020945743836393,2953.5137521672,OFF,989.2731167741018,68.62052139279913,210.14746796958354,2.944641227125126,5.177921085020794,Yes
2024-10-16 22:19:00,365.215550975272,471.4697473020634,15.866179454550604,0.5047948523272395,3390.492394107234,ON,819.9457447770242,63.877988964763645,203.8252740005616,2.005684954399247,5.159449663344591,No
2024-10-16 22:20:00,322.3868865300253,474.6207580925615,16.423385387608246,0.8823545599259909,3537.8377867303357,ON,964.9355214604225,72.83270493540829,225.3837637561099,2.2130782798230926,5.253398079741866,No
2024-10-16 22:21:00,330.80634549896445,464.12527148867315,14.936386289824252,0.6575693207619108,3533.984556280928,ON,956.2092587676854,66.7576539999043,204.40310163207647,1.5098058742582625,5.022179727243415,No
2024-10-16 22:22:00,340.6277213345648,474.0369041186766,15.950452849879365,1.1845027934369439,3444.789750629201,OFF,1026.6391604661312,59.21777311497483,247.72994603449825,3.067660561987979,5.176314795087782,No
2024-10-16 22:23:00,350.3913657531625,464.8521158675388,15.69858967210802,0.907532745774532,3160.4759064408067,ON,959.723665874474,68.14371314664803,200.3853612835984,1.8317275393954444,5.186580231071455,No
2024-10-16 22:24:00,357.7648853070368,479.32357834784074,16.216131475317077,0.4038304835023271,3126.951804502031,OFF,989.2443099914755,74.90574857785177,224.10490178818753,1.845892035919585,5.107964138369308,No
2024-10-16 22:25:00,339.113842802698,464.4558449593455,16.2350220936841,0.6081940139554316,2865.766045501187,ON,1077.1138313830652,68.06535276700026,243.5028206082068,1.8266250544958786,5.305705901135658,No
2024-10-16 22:26:00,352.8015014671562,475.6565059085328,15.646187052588987,0.5857887892366692,3607.1747070363585,ON,1049.7175759907711,78.6899249256176,228.98634638895714,1.677552070677831,5.093775968265672,No
2024-10-16 22:27:00,338.6692560147002,469.56105779472534,15.643913067911978,0.12534697099616182,3293.7956156296937,ON,1045.1135699971726,72.14483974274259,222.6351056873767,1.6352814755761753,5.186412695163621,No
2024-10-16 22:28:00,340.8272329551208,486.8907537615825,15.944667315721336,0.317880325054694,3101.6086190261035,ON,975.0063784794575,71.69379081140183,205.47274529557157,1.7381478585552375,5.229315722532297,No
2024-10-16 22:29:00,328.90008354727667,469.2290941461727,15.551678886342396,0.4317717279060419,3465.6113777973933,ON,1027.1516139644825,69.35800867041196,199.27346217148443,1.3171020359745276,5.335345156147612,No
2024-10-16 22:30:00,336.15150130833644,443.4045129768968,16.420991847726064,-0.010866150856780998,3005.447096648,ON,988.3051099773203,69.65856896117855,231.55075163376378,1.607341039868381,5.198944356511915,No
2024-10-16 22:31:00,329.724730915755,488.9288225107099,15.815396399776278,0.6142480404754929,3281.3244068445347,ON,990.1953394661531,68.68288182440249,242.5922086116242,2.9744815557238096,5.293615359412821,Yes
2024-10-16 22:32:00,335.36190120534,456.41401548706074,14.54650589033918,0.5252784466040877,3165.474173141833,OFF,1020.4842671873275,68.48865303958736,213.41725014282744,2.3678275718206843,5.270059539727713,No
2024-10-16 22:33:00,365.8046269491176,460.1935049202677,15.812588971689097,0.09813182960652778,3327.7354279760602,ON,970.1503205789534,72.65433581033574,202.91407738575472,2.462952088363859,5.212345755616915,Yes
2024-10-16 22:34:00,335.7590166675209,461.06508058934764,15.480728089578013,0.7212638595831996,3187.285292162776,ON,1074.6501552221603,65.32084385104717,183.12745854176472,2.5886043937084575,5.091048659172655,No
2024-10-16 22:35:00,389.4857309725609,490.61657139756227,15.184362092269527,0.8147618234072879,2909.8144217777553,ON,991.9934930201032,64.6205308563787,205.28852734506194,2.917067282181195,5.056541913909565,No
2024-10-16 22:36:00,357.39976851321336,437.96488679031955,15.381286680888714,0.6681103436594666,3215.1152745340078,ON,1030.9180283129833,64.38402474562311,218.2951473625144,1.1142887242780781,5.210650540141919,No
2024-10-16 22:37:00,352.7725418554231,517.0662280048999,16.054704235916486,0.5027795474373089,3409.7728283750725,ON,1072.780023962865,80.22827273838577,243.986848612551,1.3850584423567298,5.1457303126097385,No
2024-10-16 22:38:00,337.1246332972818,485.84085213599076,16.664320414124116,0.7774326455255565,3194.156718829203,ON,1051.5826887287587,72.6517145083529,230.09700538349452,1.5981381695526573,5.29192610916813,No
2024-10-16 22:39:00,360.5046481911349,473.3485837119374,16.15659223693249,0.8040661081430073,3355.023024317817,ON,929.5540448654738,71.52246100840073,224.57628107060128,1.765135101755201,5.274585651809858,No
2024-10-16 22:40:00,341.3654326064334,469.1765899907557,15.69674830589213,0.6922210709159065,2990.8941028651893,ON,1022.2447947504942,64.71242664853284,213.99820508048305,1.8497153047073756,5.181538900556295,No
2024-10-16 22:41:00,351.83014721968044,474.28331112286486,16.22795209758535,0.35261632486957173,3194.7478413460294,ON,1042.5359697230324,73.11671150337415,211.25251424116067,1.7765112235969795,5.084228707605873,No
2024-10-16 22:42:00,388.4012680740319,477.8168364256901,15.770454844890503,0.6829802296533541,3075.0979089822845,ON,1044.5931511080375,69.41714326773335,241.08471396261945,2.109654456566027,5.251073554960728,No
2024-10-16 22:43:00,348.55910150413024,479.67823378925084,15.652699815418428,0.9586441952476437,3349.396168020942,ON,944.3352582942684,71.07084470565874,223.01107811137584,2.017647695372608,5.098205055386485,No
2024-10-16 22:44:00,367.2390998942851,478.3340669900517,15.422818665883508,0.4210112824164809,3206.298312452399,ON,967.1482381491338,65.11689842068222,188.46098962118467,1.6385826024108752,5.124153607706914,No
2024-10-16 22:45:00,339.45235362311166,471.34371021882873,15.124085596624141,1.2293818017397293,3338.0147352673225,ON,1049.727911787081,70.80134428708789,209.89690528154136,0.9122256115062151,5.102058426178485,No
2024-10-16 22:46:00,349.4751726425456,467.0399236953901,15.805038146720277,0.44231071980438463,3417.5420852315733,ON,961.9119814658677,67.88083230896758,207.1267595234256,1.503565647310651,5.186149897806005,Yes
2024-10-16 22:47:00,376.56200953453265,467.73090074519735,16.079026744960068,0.6097221040020409,3338.3237150242776,ON,985.0151971667843,66.17194421484906,211.80603986233803,1.7253806733437123,5.3170192334070565,No
2024-10-16 22:48:00,340.5954941331835,467.0763757947098,15.951688164992555,0.3982543211980991,3254.623686858729,ON,1078.7937904750984,73.67053167903624,228.44365990427627,1.8764602815961402,5.199495912977647,No
2024-10-16 22:49:00,377.1867283699539,487.00655145300595,15.79201653602632,0.6669812507760783,3000.357548297719,ON,997.6100374807605,62.311460957349986,218.38832677308625,1.4351662703447317,5.155678130757231,No
2024-10-16 22:50:00,360.6162790318321,478.9033508342129,15.52712696965161,0.07733349220941743,3199.44277786662,ON,963.6612931083079,72.82388132157075,218.84701889494508,1.7545967667517899,5.0474385069954755,No
2024-10-16 22:51:00,341.562998361586,425.89417048003577,16.304123095842485,0.4361874603549836,3093.3819195968335,ON,956.1191321568548,73.42243066776498,239.70209741987856,1.434506305757207,5.255212458472984,No
2024-10-16 22:52:00,359.4861160858328,479.8385116479464,15.341434040026707,0.27236363989542983,3131.1872086591547,ON,1016.6359664792594,65.60178162224379,209.55308365319968,1.9370903242258335,5.121959539407137,No
2024-10-16 22:53:00,364.58831674440097,472.92104292078164,16.38801395692174,0.6406015043676873,3125.09316984995,ON,933.3425995761395,65.89835769433766,247.96299288831025,1.4634543358186924,5.21175176191581,Yes
2024-10-16 22:54:00,359.32714943325794,469.71936865331156,15.498891490536638,0.8983342126526721,3004.014885043551,ON,987.633201805179,68.884871593668,209.9303861294337,1.5755476718147676,5.164578138408336,No
2024-10-16 22:55:00,326.44662920164313,464.1722232036667,15.623782381323483,0.7938018561343654,2808.532282173202,OFF,1016.661526749501,71.4101810523111,221.33797294918858,1.3456579345054305,5.283817721959944,No
2024-10-16 22:56:00,339.09294236262696,486.8616907997902,15.266607404692161,-0.11149780825766764,3066.3713903344465,ON,1064.9574910273834,69.23572504092887,215.7819460689585,1.9232496522151081,5.184276360797145,No
2024-10-16 22:57:00,346.28722046672743,484.21289693184286,15.74929892655718,1.2126208958783642,3238.6758903848317,ON,1033.3774040184999,72.1678123009594,221.85128700251443,1.5667761150238009,5.194107364547695,No
2024-10-16 22:58:00,348.8834985634993,458.4068349826459,16.48765622923899,0.6885839821862605,2930.364590914502,OFF,964.296744100891,78.814898262687,226.66887992609693,2.4533921333377147,5.248574714745546,No
2024-10-16 22:59:00,359.3100814632602,476.10578430686803,16.257814044221977,0.3670502578520999,3203.136447294325,ON,1058.920965878186,67.46141615425142,226.50752860133315,2.2029251333464495,5.410694018226319,No
2024-10-16 23:00:00,352.6655150139988,455.42514898188074,16.489211056014017,0.6471383756972823,3580.0536848621928,ON,985.0242481226261,61.4241001464829,208.7032400406913,1.9650740659081785,5.2888446930358555,No
2024-10-16 23:01:00,329.9698346193485,449.305727528166,16.26107127296697,0.6528569467508077,3404.611311050448,ON,938.2148488975296,74.12961791515326,203.15627983828645,1.6012572513281058,5.191139389365139,No
2024-10-16 23:02:00,355.70296776508945,460.5992416311505,15.448165085734816,0.3999453849145309,3528.708301824106,ON,991.3979320367264,78.41657287963764,257.5475768635857,2.1902601526581513,5.200319799061529,No
2024-10-16 23:03:00,359.15878617925733,482.93590208574136,15.834605387836222,0.6593750002026226,3278.225575386545,ON,1071.908460057285,71.96384181525562,212.7402349059917,2.3453504446743185,5.147514053967557,No
2024-10-16 23:04:00,358.3968567189656,484.2968756806413,15.609900435441268,0.4177583137139078,3433.5019645972893,OFF,1008.2620025032462,64.56125662323166,230.4881865800798,2.071344206100815,5.1050004296480305,No
2024-10-16 23:05:00,366.2117108833193,477.6962813014594,16.66528745201952,0.47869140219299317,3055.2070539064425,ON,1000.6260932164893,69.380538183824,195.88538034215205,2.801850927733465,5.144724921293368,No
2024-10-16 23:06:00,362.50883231823354,480.87643680272,15.401605676786843,0.3941162592734746,3071.131946595603,ON,1081.8605822351426,64.40738257894184,215.80580920142984,2.229818659037408,5.122785103628806,No
2024-10-16 23:07:00,356.88770118842655,477.7426743067244,16.446848844694557,0.1701986130781042,2652.1719587725056,ON,928.4322576472787,73.21427746981473,218.09200924026337,2.4568036087840173,5.265336838379588,No
2024-10-16 23:08:00,348.9475143281203,460.3777760716557,16.446476935054385,0.6437509410646152,3437.2290948084596,ON,935.7200442973614,63.24354798650783,227.0922260489175,2.066782707767989,5.0928805142131015,No
2024-10-16 23:09:00,325.0855859972601,476.4788381701091,16.914810100858045,0.7755898309549014,3508.0647959639773,ON,919.2076764516584,68.499356065859,179.16318788512092,2.337832226628488,5.333321056138004,No
2024-10-16 23:10:00,356.4442732869888,482.00614287841523,15.795156703685251,0.7544650788229117,3089.364550930546,OFF,1018.6324093240028,64.97831086853047,222.49210919617497,1.6016093836654124,5.275204638361883,No
2024-10-16 23:11:00,353.1153153074467,481.3143699472036,16.35616107979008,0.8459775757905703,3149.209658720553,OFF,1008.3246563557562,70.63412342567482,202.7538781694816,1.770800818393603,5.202050172936767,No
2024-10-16 23:12:00,354.0736825579306,487.83370057211965,17.14082591826942,0.6973020630044604,3049.2275772618077,ON,1077.1368183639888,68.16829161431122,224.86518566792387,2.1746817767411897,5.200031861146507,No
2024-10-16 23:13:00,330.84877136269535,480.62455770801597,15.691179161533151,0.44018235053492893,3276.5307102954985,OFF,1012.1737538568385,70.88381051625132,204.45506204742756,2.171049740778691,5.144271869038545,No
2024-10-16 23:14:00,333.78415189387607,475.27172311312376,15.23247987623382,0.8518991593293566,3424.986509060648,ON,979.7921420260349,70.11175277483183,207.16775956111627,2.253805911471624,5.227008441134776,No
2024-10-16 23:15:00,365.79729279999356,486.05225357474643,15.059994983046119,0.19274473804741948,2851.445605223792,ON,1000.0897436439053,65.06670486137945,215.89558584410096,2.5501964461393647,5.308809246320859,No
2024-10-16 23:16:00,349.40667269215015,469.6021811112641,16.356356014430666,0.32979858524625594,3281.8877061284506,ON,1005.885370923048,73.13438531764511,204.21505795595206,1.287514414092294,5.129684353774419,No
2024-10-16 23:17:00,360.2225104605894,456.77188023158425,15.058424895970708,0.3107399785730266,3144.665645656171,ON,916.4119363335917,69.75617174078442,212.86698329896967,1.512773726194852,5.046660791108127,No
2024-10-16 23:18:00,350.4247756419569,467.5539955408435,15.81384047353104,0.9240168177417931,3222.678878393338,ON,1135.5165822167446,65.0573549606705,202.09936347185027,2.1147863205371267,5.2703218254856745,No
2024-10-16 23:19:00,350.44634209243617,458.82646032790325,16.21865659351948,0.8828365542420227,3291.7988003348582,ON,1025.9935509050956,81.20463278102896,192.50244322451908,1.6378181840982697,5.23243659742438,No
2024-10-16 23:20:00,364.07425708963996,459.87232587538426,16.09258776841496,0.7461915711134984,3162.359512245436,ON,1010.5004154011294,72.38215083358563,235.2693557864404,3.6888841206446807,5.0879801198558825,No
2024-10-16 23:21:00,342.2593290767394,467.83221993926725,16.212722432092086,0.9215789595635391,3179.282629318844,ON,1030.758199213929,69.23369723300347,200.55926960764108,2.257859809585068,5.126660862908588,No
2024-10-16 23:22:00,351.44181165411476,458.1137011850006,16.111144927900426,0.33621516527640355,3157.2249664890724,ON,1035.4705490293302,77.07602263350911,217.31978668588025,1.9608345755349215,5.114089572594986,No
2024-10-16 23:23:00,343.0658706694244,465.3805770554144,16.639432906656697,0.7045785359582941,3394.0632403576565,OFF,992.9723257248784,79.20907804693303,231.29336622240677,1.7422653634580705,5.127546773096575,No
2024-10-16 23:24:00,343.48255658851525,441.5957799956932,15.523841809630602,0.5624476714850507,3283.7519920254995,ON,968.437943187965,69.27325288843058,210.77583846225934,1.7599188584034777,5.167631724595881,No
2024-10-16 23:25:00,345.3624181479704,473.19940561059406,15.661502430770735,0.8540646311654742,3244.1167075474723,ON,1029.972534316085,71.7369874321738,207.62251150381692,2.0150703306575886,5.173345269571925,No
2024-10-16 23:26:00,353.33200657450567,470.01808213043336,15.613670277364587,0.5654327302343407,2945.8096557815434,ON,1019.2855420265727,65.0599859099853,223.39357133001133,2.055990966310629,5.134920634493154,No
2024-10-16 23:27:00,342.81877067504786,457.74367053397714,16.415095905931306,0.4845171334769756,3124.284051357369,ON,959.5054950455296,69.26403624615995,236.76900734090728,1.7716504276532434,5.124183618050007,No
2024-10-16 23:28:00,368.8363418836028,479.8886850264861,16.45019929419753,0.762272555568297,3379.733832067835,ON,1070.9517805683631,69.00468723120065,202.46027102370297,1.863423876740049,5.177121565608062,No
2024-10-16 23:29:00,336.58089046670744,484.0635520643984,16.225612659659255,0.8628507501573699,3207.5393146247848,ON,1014.6676018161492,70.92413516810826,217.74778251973842,2.672142287617298,5.216769153485957,No
2024-10-16 23:30:00,347.1969253375796,445.8866020344654,16.591746833444965,0.3994964415459595,3331.9062939178275,ON,1036.4909681133815,71.66380239318505,194.0125810754901,2.692252481325517,5.168370346363516,Yes
2024-10-16 23:31:00,343.4040341258874,458.55912832150676,15.41097956631181,0.5816772985942872,3553.302360065527,ON,1069.5960443839958,72.7991422441403,214.10198494476714,2.1260169899674386,5.31586670233413,No
2024-10-16 23:32:00,371.704668265306,458.4628647531905,16.833612055775568,0.28246780990750414,3407.7212138417635,ON,1001.0944410582417,71.1882132814998,220.51307026807112,1.3293701363816313,5.250808771442079,No
2024-10-16 23:33:00,352.9483216476736,455.90145348336705,16.76161931085613,-0.1494183052478818,3218.6316675399485,ON,1015.8476003492058,63.94628686685418,207.180630373674,2.2692515783195217,5.040915414314131,No
2024-10-16 23:34:00,365.47766809202955,482.4421226289762,16.367810998622872,0.6601378894241187,3097.8021659608544,ON,1040.501361925306,65.30766447129457,213.14512249262154,2.777141220805513,5.252372776541385,No
2024-10-16 23:35:00,327.7165944044454,467.09260791840796,16.89089945438553,0.7826716068763896,2689.2900807888204,ON,963.7569458099974,67.26796190268163,198.87659847538825,2.6848905509811893,5.2605543982585585,No
2024-10-16 23:36:00,354.00575398803886,466.0322773803408,15.171688396161112,0.6786200427260176,3166.3230155054293,ON,1002.7025831423,68.58879704038385,221.1561791707224,2.3672129264048336,5.156526503187581,No
2024-10-16 23:37:00,363.34446193435156,439.9420645338987,15.737775931868674,0.015131484673689855,3134.79750083663,ON,1006.2774293325574,75.25387145236057,235.83541373324724,2.7112114776429106,5.0504802412696845,No
2024-10-16 23:38:00,351.23425983913137,479.5312704531384,15.632348269659024,0.4947451709770576,3278.0732388790752,ON,952.1970724158302,64.18530506573543,203.54284195344303,2.026692136239511,5.200806675941114,No
2024-10-16 23:39:00,365.98220562598027,451.4111240771979,16.36073966187867,-0.06550432801532435,3169.2189546050627,OFF,1115.881839433694,68.2129247591465,210.65992350171425,2.3140514849168525,5.199229134851776,No
2024-10-16 23:40:00,342.24067324849443,470.89898945399494,15.474929630198927,1.0109103322962554,3135.922988112641,ON,929.6353278253798,74.76504749107025,227.53819369681273,1.65961221683741,5.087835376346681,No
2024-10-16 23:41:00,371.1402116027837,474.16065406937287,16.378747574668743,0.2741836253645742,2844.120213898556,ON,935.0948048156421,68.50061262751694,238.18136078984105,2.146132728077856,5.054878078374006,No
2024-10-16 23:42:00,384.4834718542887,490.4098789375798,16.685268071998358,0.9766210828379689,3012.0064341699867,ON,1065.711328785179,72.30207824921412,197.60215281686604,2.664767121985262,5.191244645354656,No
2024-10-16 23:43:00,344.55742159340514,450.36769401321334,16.347601450042,0.8837608931052436,3295.3302081601114,ON,1035.663312539827,69.30228978536049,217.46822893876077,1.7052882942565546,5.176692280794918,No
2024-10-16 23:44:00,343.3174621789884,424.7073176626876,16.14187551183075,0.3298228942391815,3543.181526226539,ON,948.7017591259611,71.28391628662361,224.24696233479287,1.5692782852678568,5.1582734634677605,No
2024-10-16 23:45:00,371.8007671567655,472.75774317130544,15.506063329549626,0.2601645146196765,3180.494923250875,OFF,1030.3644507550846,68.8576372809523,218.46915414056727,2.0487444695118486,5.191658926525344,Yes
2024-10-16 23:46:00,373.6935821859607,497.0076677226628,15.576574516937317,0.7051110649159015,3265.5622147148247,OFF,1073.3925222498656,73.33532736364177,182.8481189968437,1.8866688981380002,5.089722362617969,No
2024-10-16 23:47:00,342.157099592701,488.58419529409156,16.624809452648332,0.34670278884507866,3390.495631390561,ON,998.4868471201507,62.27471796296783,227.51635013963158,2.32457386053521,5.156517938713389,No
2024-10-16 23:48:00,343.6971977435621,473.14489122911937,16.389674501952666,0.6307453926474622,3037.82121275995,ON,1129.9411450037292,68.18343995805728,242.79004526635967,1.7733702370264788,5.253332503061435,No
2024-10-16 23:49:00,345.77323086709237,462.6254572155193,15.980490240311228,0.4551517227579245,3273.3628086570884,ON,913.7969094565982,71.48286338347154,221.74992626754255,2.859219807801357,5.1650029919648714,No
2024-10-16 23:50:00,329.8332423344858,482.10683894955963,15.791045227117054,0.06565247566030996,3051.9019787335683,ON,1034.6911726929552,72.66847624003097,204.53340920058605,1.3551619510194721,5.032802752820745,No
2024-10-16 23:51:00,336.220220802737,455.39680700443296,14.987096063444312,-0.0691404057373377,3372.9648876982023,ON,1058.3264168110502,77.46476311376914,212.30309130453574,2.626867393109867,5.152730772227643,No
2024-10-16 23:52:00,334.93788849871896,477.1453665403433,15.46457379065778,0.6680052745483791,3230.2806095903466,ON,1044.5671950802623,68.04487666567212,246.5486960148339,1.6175753858459485,5.092984153649314,No
2024-10-16 23:53:00,338.48303652343805,477.5820523874994,16.95570954356986,0.43153267610081236,3259.690362796288,ON,989.7822136677175,77.39740880930437,233.64943811290837,1.1020086327079883,5.226713629646174,No
2024-10-16 23:54:00,349.4797266891983,485.9031486124832,15.359772214498767,0.4340730549257603,3043.480280516282,ON,985.4779258994425,66.70488086670164,229.60039927576494,2.1189375781744335,5.231883740338043,No
2024-10-16 23:55:00,353.5132209880478,511.3949005836662,16.09473991061054,0.8087591517281356,3341.406471922157,ON,1022.2072585543629,76.64323205772322,225.34618875301564,1.8726960069930583,5.034122537491397,Yes
2024-10-16 23:56:00,373.25750739221115,475.8862395076815,16.5037219865976,0.9520326829897334,3616.9425842462033,ON,1040.7877243326034,74.08733563349186,210.0829433171354,1.4451953160484847,5.275901297058219,No
2024-10-16 23:57:00,335.02468938891815,462.36554561438754,15.372538665998853,0.5182365835914572,2998.4176609143587,ON,1030.123671814118,65.43270710183889,216.99143229016346,1.159311554142368,5.0887813698721445,No
2024-10-16 23:58:00,364.7648359771488,469.6163853171201,16.092355237390542,0.49782038792704153,3132.048198470495,ON,1052.0028945396696,71.53519618625911,218.83115896482227,1.9958196063642717,5.3559182290482354,No
2024-10-16 23:59:00,346.79016733661734,443.46386142666324,16.468957768755327,0.7500429099341651,3246.3214948336185,OFF,949.0565021466632,69.74382082233905,228.24361474096665,2.487918445811909,5.195122373549938,No
2024-10-17 00:00:00,349.2580443552135,459.57930303366413,16.006249660953625,0.19291932909012738,3357.281242399163,ON,988.6114510438183,73.127922968375,242.63378341400355,2.292476746543222,5.075360650146084,No
2024-10-17 00:01:00,360.12229238249904,463.8607634283034,17.434201527833384,0.6669459164243091,3088.0907429421063,ON,952.9992033938123,68.88364205783346,236.77507205189693,2.0283533244196326,5.085801392930732,No
2024-10-17 00:02:00,333.1591696765655,462.1386740309811,15.165700370560902,0.7655657915466462,2633.393941971452,ON,980.6943611956929,68.46376887169134,198.7092346630594,2.2394237866088673,5.234809529178735,No
2024-10-17 00:03:00,355.73614619276077,472.2853230805058,16.52936426494194,0.8040690625252888,3471.837898832805,ON,1050.7610445907153,76.84547291381426,223.35992453351574,1.9863929338110715,5.160870011010163,Yes
2024-10-17 00:04:00,352.4967831231958,457.66370101426696,15.913599131301767,0.01897418924926053,3352.1012239168285,ON,1005.3991960362614,69.50639552772164,231.05145017751846,1.2851378784848144,5.190334609038186,No
2024-10-17 00:05:00,357.38676896012225,486.8154600098671,16.38596007741834,0.3715934190573178,2851.410493902667,ON,1130.3429581574885,74.13211162095882,229.28290495216953,1.2895530073882784,5.361278023269704,No
2024-10-17 00:06:00,354.33752965861726,470.00310597377296,16.220653575849624,0.33652102415296,3078.4862416440888,OFF,1009.6703183594858,68.873242574779,210.5614935491887,1.8984157355076605,5.130075593577093,No
2024-10-17 00:07:00,386.8295020986634,469.8604951829208,15.633421901445002,0.6299660863227639,3513.636485905465,ON,1002.9845940289869,78.33331629613761,263.7116382365254,1.9196733568169628,5.2059962857695705,No
2024-10-17 00:08:00,340.4339002362303,465.08157925230626,16.114498196229672,0.7442233739303952,3489.559283691573,ON,1005.3091459720108,66.60832685332254,200.8437315650332,2.425491339253383,5.341984448737305,No
2024-10-17 00:09:00,342.0350456749727,472.3278602578847,15.071049274300856,1.0490131222337944,3387.728004535789,ON,968.1095653570032,66.92928234376407,203.75217330000925,2.378652111887374,5.22705134754664,No
2024-10-17 00:10:00,340.6528921036285,482.3764739700145,16.301623750285696,0.45151035588957805,3164.7775132080274,OFF,997.1081693811203,77.62258590557951,223.50392621892365,2.3025665078794746,5.0393397264642,No
2024-10-17 00:11:00,341.66784321259615,456.9930467643365,16.149079232995263,0.45072825050723586,3216.597483762502,ON,1056.3894013555823,67.77526804552373,251.7520458244578,1.8598586434614097,5.250538901173214,No
2024-10-17 00:12:00,340.4391930904022,460.12825266387114,16.31933008432155,0.9449016056636241,3173.814838974775,OFF,1005.6985334063886,78.00537153082196,207.45707723943744,1.3096739149449301,5.083699714221655,No
2024-10-17 00:13:00,367.8352479666133,465.44410956835003,16.529059162543575,0.6889730815590915,3425.6479566537673,OFF,960.3270135058265,74.45920289797407,216.0125745152951,2.2060355685330117,5.340680752873297,No
2024-10-17 00:14:00,371.30756371984785,449.81193614790175,16.183809920104856,0.9802954533563921,3024.831518700978,ON,953.7457689760682,69.22675146719584,236.1594050952354,2.262584656631084,5.117713239500202,No
2024-10-17 00:15:00,341.4388055937579,457.7111321041775,16.074044709899137,0.6866184009029509,3038.8400690231592,OFF,977.4899054167079,60.933532639914205,219.732067676684,0.8057342687611571,5.496950950774567,No
2024-10-17 00:16:00,337.5146664034366,462.8566868968301,15.559465831669353,0.2528650143860187,3402.054917367203,OFF,1003.693171720544,69.90340847864083,214.98094218204557,1.5828309067086686,5.346737598832768,No
2024-10-17 00:17:00,357.0712333457961,483.1158377106909,15.643889618175475,0.20006149356665803,3191.1277088976876,ON,1059.679326773813,70.50815026766712,228.4844935283008,1.654472811303052,5.120338743037203,No
2024-10-17 00:18:00,341.71665433578545,473.9384199350289,16.593367310088666,0.1345463252823213,3475.6934710907617,ON,932.9755679316781,75.83608866652186,224.0877698534439,2.0591751005617183,5.202001380500161,No
2024-10-17 00:19:00,359.49397726633265,472.9038486705132,16.718167702852988,0.798615550427542,3065.6975586038907,ON,984.0086861055622,77.94223588120056,235.45658178455187,1.598319783617153,5.275364428163346,No
2024-10-17 00:20:00,353.0438453127695,482.76346943251957,15.880944781843972,0.9565790469261024,3189.044327932235,ON,1007.215500971754,66.57506410428127,239.37203333598046,1.98093271558768,5.278366047422671,No
2024-10-17 00:21:00,327.2638382750415,467.93942317400905,16.023001373626638,1.1548086424159143,3015.517403031209,ON,908.3147116185282,74.00590881994091,224.60504590008043,1.894732529823504,5.24423362599762,No
2024-10-17 00:22:00,373.2125780199509,475.85697274893334,15.547692812503117,0.852931599696972,3201.4725362847134,ON,958.3200858516797,73.82701078006674,224.37599088067464,1.9204252642311361,5.325215903696611,No
2024-10-17 00:23:00,376.93816509643284,468.45167370601257,16.58637842263372,0.9488515732604957,2904.2906126002404,ON,966.0055730131907,75.36706351205223,223.21166473429201,1.641802853149627,5.187703105336563,No
2024-10-17 00:24:00,340.8081696427342,473.98043524099444,16.33270841184589,0.4259951002038946,3102.4733158090075,ON,960.2014813074751,72.49344956067772,227.33695834973932,1.6805074729666611,5.163328233142397,No
2024-10-17 00:25:00,344.18447660096024,461.2586201358263,16.970608718231876,0.25307525497684297,2912.7492270143766,ON,1009.5944772510824,60.28751154519115,220.82755956807196,1.4598664701096538,5.165313601207539,No
2024-10-17 00:26:00,354.2879808608736,433.4177426258536,15.56083846141013,0.8550237997252659,3338.7846466382516,OFF,991.9720195249101,69.2228878373612,219.99087276516565,2.190033720286916,5.285837323197213,No
2024-10-17 00:27:00,355.0168518498054,467.9858125672054,15.81099605049089,0.7253042256718202,3343.3178679519306,ON,972.2356948699481,64.22146212541543,237.94940681240863,2.285551314295684,5.236518104030265,No
2024-10-17 00:28:00,359.87816409009247,491.3412220414991,16.115722961262787,0.6322333123022678,2853.947453903131,ON,1021.3981313276317,68.98697113540963,242.74174270532563,1.6146910249373305,5.229128366569026,No
2024-10-17 00:29:00,380.15306808149523,483.89323103362386,16.323244768862885,0.7162114441898969,3466.7771491001145,ON,1086.1537358823125,74.90002118066947,197.3867058304987,2.760320048008522,5.279523424925719,No
2024-10-17 00:30:00,347.34579158758925,484.4809622688676,15.892166181226184,0.6969556447374617,3699.4830252839706,ON,1081.9628258370876,71.52575417937486,220.15031727610852,1.8426992762789756,4.994894759214615,No
2024-10-17 00:31:00,338.0255413319232,488.54196082709325,15.56351945477315,0.9851450579560683,3209.2012773472684,OFF,903.8614113968832,75.74045433198717,209.6695834983215,2.7650928118982803,5.231006882387515,No
2024-10-17 00:32:00,329.3102115797821,471.32986386442155,16.440703764461787,0.9884956754450867,3071.777147955071,ON,1028.853609191757,71.7087696035677,215.3354280027089,1.6789364130841984,5.2218568888873715,No
2024-10-17 00:33:00,339.0360494008712,472.95973561108394,16.36056768127279,0.7632661057021041,3764.866118200609,ON,991.0988354968081,63.50837030165549,226.0377431460298,0.9867111117002823,5.3668808081300705,No
2024-10-17 00:34:00,349.50309540689307,460.73522156848475,15.541862949718137,0.8537408617688784,2936.206300339498,OFF,1007.7577671432679,57.39576496713633,230.04157557313704,2.2010989124561755,5.047141201773633,No
2024-10-17 00:35:00,376.9183679527668,465.25890715959423,16.67772140055275,0.7542187657274327,3204.02129337382,OFF,980.0858483228726,70.74404380839795,218.31810334582983,2.1242725525594937,5.355718663237676,No
2024-10-17 00:36:00,342.2358305144574,479.2365672465671,16.585099354598302,0.4616490803896143,3235.9244545263846,ON,1005.8794314943601,68.93036766824417,191.29989497915795,2.0171968976537915,5.207540912892466,No
2024-10-17 00:37:00,353.3568192745835,488.05826655753225,16.067148248623898,0.826969402473942,3469.029524090483,ON,1007.5703698036009,65.1152713030906,205.5243162913573,1.6788837607780054,5.248898953066004,No
2024-10-17 00:38:00,349.75365655890874,467.908305864785,16.039798931188017,0.18165147934222148,3271.9477950253577,ON,971.0524121325539,61.496863751743106,233.44749505300248,1.9827138872570904,5.367591878760938,No
2024-10-17 00:39:00,367.82589910172123,463.2471610272288,16.277028885557954,0.9161674656887648,3100.27322084231,ON,955.181622608741,66.32628393263646,178.89360366947602,1.7443702710652365,5.256076126800558,No
2024-10-17 00:40:00,387.90398638810433,470.00791938284897,15.569148464871871,0.24164311807018946,3009.763125922409,ON,977.5652158690258,69.02754257567612,237.81140727523,1.8488252168341246,5.240036828946256,No
2024-10-17 00:41:00,342.0369684061952,479.0181012339367,16.01501573958204,0.6857409860384198,3131.6356359507727,ON,1011.7129632228383,73.32938911853195,227.8184498596681,2.4208161278825377,5.224229118580232,No
2024-10-17 00:42:00,342.6584083622267,448.34217775799686,14.92380822769541,0.3464538124721523,2998.614527810971,OFF,1029.9498170842132,70.9431554078399,239.74264122295034,2.092108614765047,5.151652186500563,No
2024-10-17 00:43:00,365.6624131560361,435.55728570294144,16.438227822751468,0.7660166949223279,3209.5650639569367,ON,1042.6674488670074,78.04033623586365,217.0214621967856,2.3049756936659884,5.197151087548961,No
2024-10-17 00:44:00,360.22837234439464,461.74194725762624,15.21925338877907,0.5898224322216273,3087.1607640279026,ON,975.2904988466544,64.82197971977303,189.07891863965642,1.8840657466871051,5.128448723387725,No
2024-10-17 00:45:00,377.7006098860405,451.6893136112876,16.751709914214498,0.12157321255100029,2901.1924413420497,OFF,1014.1922283651369,74.40529446028717,226.45543962259748,1.8289913270976124,5.195543310057452,No
2024-10-17 00:46:00,358.7589227798895,462.37789703529035,15.834939953016775,0.7262098893055436,3451.0291576749805,ON,1048.125129597665,70.23649371564363,239.11979686057512,1.4232587345556782,4.96640693029449,No
2024-10-17 00:47:00,344.6106186381941,467.78329521773793,15.894166509034411,0.4266237669501868,3100.465495314192,OFF,1058.2797447572063,73.47334562059292,233.8708270827013,1.8149816937159016,5.242903956756755,No
2024-10-17 00:48:00,358.85982246038463,463.2012738646548,15.686133046957748,0.8643440162440107,2946.3726390049374,OFF,997.0583572934239,67.81742568367228,210.05962774767946,0.3394427222054306,5.187826274621638,No
2024-10-17 00:49:00,366.6305537087436,491.78701301706116,15.855980563038962,0.6003977066203221,3166.3481731024917,ON,988.9534137530194,75.35840186945295,221.3014161319397,1.7048890168471826,5.166379626333324,No
2024-10-17 00:50:00,362.30723271796046,474.9011714690348,16.70926567257402,0.7186262956164114,3213.674313193532,ON,1009.5562116918196,71.47612379172621,212.00745596830114,1.9590629114045806,5.221975808394014,No
2024-10-17 00:51:00,357.6091104666095,474.50711539416244,14.75609567173246,0.3127293134954364,2850.706654884193,ON,942.5146263551297,66.60277507541126,207.71100303715943,2.281836827135078,5.056643607703456,No
2024-10-17 00:52:00,366.0001203438373,479.333107160651,16.638482693044093,0.4232003305717914,3266.3295334251525,ON,990.3195244482246,69.93987985543406,234.33082856769778,1.8656610612375215,5.392926999662128,No
2024-10-17 00:53:00,367.5394338566851,452.91750323328847,16.169011740550854,0.46240840916967463,2990.5684862619473,ON,1037.2293199236565,68.8022207053145,202.03701533102256,2.1738367711224997,5.18972325385124,No
2024-10-17 00:54:00,370.7323848655629,485.586676811304,15.396489176071393,0.8570107440727667,3542.2057618381577,ON,1032.097356472185,72.44589175318897,206.5927535412758,0.9101056693048772,5.1854155567027815,No
2024-10-17 00:55:00,359.73064831384465,468.8635357019681,15.462343803475381,1.1032131263416467,3304.792102415347,OFF,986.4866197818055,64.10111625312746,203.43961549791422,1.9715815738965252,5.103460378986708,No
2024-10-17 00:56:00,347.4932287952472,480.0572092586182,16.838196513604103,0.3584484744771371,3120.020001978137,ON,1010.8859100543583,69.85324148942152,197.6462871505143,1.1602486035432982,5.202394638244926,No
2024-10-17 00:57:00,352.20070529649985,453.92214150439764,15.527246560028635,0.923054443397304,3050.96644593653,ON,958.7674829854657,71.97653626324666,222.19621437763905,1.3958482421703335,5.338695989027328,No
2024-10-17 00:58:00,368.09763449762534,446.69361850975906,15.42332474470202,-0.05090322531771063,3179.0064584872753,ON,1035.1746074112511,70.16511653596517,237.42254572722965,1.9064172260680696,5.3035916209432035,No
2024-10-17 00:59:00,337.74596493519147,482.2683448703754,16.568657271182364,0.24174317967231318,3322.558148316658,ON,996.1089281931763,76.73470622194498,217.226848656321,2.6381319939367773,5.2854437751140555,No
2024-10-17 01:00:00,355.5300996330935,475.6461428914628,16.16927643814296,0.31236646314396754,3194.9011742829603,OFF,986.2024274151931,73.87011387035527,197.41378299153752,2.1856033817350293,5.2546398951667275,No
2024-10-17 01:01:00,344.0999178150896,456.46922668463736,15.531037211731801,0.19424739316778328,3156.5682385726286,ON,981.9138081953307,69.96259601629626,232.59916809613043,2.0091154985685584,5.164145747243739,No
2024-10-17 01:02:00,350.4311723440223,456.9550537808796,16.10831248770231,0.12492348306372603,3211.674058163579,ON,996.8553066550071,71.08344548748836,245.28552631052457,1.990234805266449,5.05498368329633,No
2024-10-17 01:03:00,369.17677793910946,486.88152176622157,15.487123658179861,0.7238996736413392,3079.228213752609,ON,977.606117753402,71.47832775741,210.3063651378011,1.6431855533977664,5.179896122813337,No
2024-10-17 01:04:00,352.86648602029857,452.1588216069901,16.5504106992113,0.5357796906816416,3131.3588146313923,ON,1032.907151800128,72.01649802083412,212.82168599923423,1.7280082933136582,5.1764128535466325,No
2024-10-17 01:05:00,350.69654822234224,494.6400942988395,16.530685482436567,0.7138216192815329,2782.841512218999,ON,980.235822599191,60.87171002167696,227.73490945125093,2.2136880227353988,5.304879443967124,No
2024-10-17 01:06:00,329.6021578853012,456.49068898028196,16.266003099410973,0.8071418058364539,3394.7452461704734,ON,1079.648204801369,68.49236852115327,244.32810621677578,1.3073197407777528,5.230939044245982,No
2024-10-17 01:07:00,361.1938034904083,479.57587888412576,16.18083053062351,0.67968509795176,3259.759556064352,ON,1073.260525174069,62.57780465903287,212.2024878141216,2.2965270251415104,5.361231152790355,No
2024-10-17 01:08:00,359.68226271711615,465.07072286376524,16.880594062433687,0.7973289528451121,3045.308831193314,OFF,955.4228255072748,76.39140473729744,200.01325328502693,1.8057464664405736,5.319748854003818,No
2024-10-17 01:09:00,382.4488208495819,479.04781146623515,15.999843163694113,0.5791403141273191,3579.746996271048,OFF,1003.485213471464,69.69575239998537,229.4712790940861,2.4127785374347828,5.1543504390495904,No
2024-10-17 01:10:00,345.38332647570496,461.8382899682871,15.4090629372896,0.24390198350827658,3217.4032960784775,ON,967.4671689331902,69.03329525160188,231.98602109713448,2.4805467286160416,5.020487080338014,No
2024-10-17 01:11:00,353.2872549149591,467.5581064089156,16.22473695641615,0.9173442542462389,2992.7712856049607,OFF,983.6676218405694,74.48398666016618,220.0919717565284,1.16345799374713,5.338557523394148,No
2024-10-17 01:12:00,353.7407552556613,470.6137876309358,17.043023524768557,0.4232663601656619,3371.347484294092,ON,1100.1213733822399,72.11162398724937,211.62800110513825,1.709209618386391,5.335938522323074,No
2024-10-17 01:13:00,373.66179919645214,454.9671881632779,15.492620253407074,0.3193211103712722,3279.6096433018524,ON,984.6214291442101,64.35682742810397,234.9156809648807,1.572236156029688,5.0633788409097775,No
2024-10-17 01:14:00,348.5705670141957,481.11236518130187,15.819268616653007,0.5466246372586805,3278.915997096844,ON,1018.0113018538715,69.64547318736315,227.92054006821945,1.0936360174634285,5.35092400198275,No
2024-10-17 01:15:00,354.18532288655507,462.3017965029262,16.208223019050727,0.3261567242110461,3114.848879069682,ON,1027.066064700414,68.32416513386808,208.4734672464476,1.4837333618952946,5.238211717059252,No
2024-10-17 01:16:00,359.11844764574806,466.57100126989974,15.97304757549713,0.4747708854031703,3290.099144755607,ON,949.968531375838,61.27733555696973,220.73642096958508,3.22062792263267,5.216068549812565,No
2024-10-17 01:17:00,352.7991368473454,455.0847593808723,15.508848209811342,0.7032161764690399,3147.6483419557812,ON,957.2452262795398,66.54861883381398,199.7243870196303,2.30475494810622,5.3614783254247325,No
2024-10-17 01:18:00,343.3034957817421,431.5649951180703,16.560928928115235,0.7045025217738381,3311.1882903291685,ON,939.698881429594,69.08229838991767,230.2883568465688,2.958643984302877,5.334468517323062,No
2024-10-17 01:19:00,352.9113498934746,467.13458356099744,17.16002036100863,0.3306509800723112,2819.0111091978724,ON,955.7014633051111,69.42524534254079,216.06649645925717,2.414549220009168,5.265133095199521,No
2024-10-17 01:20:00,366.10447624789657,506.18923132419377,16.098065729511955,0.4536883881153766,3113.2253074041623,ON,857.498494534141,62.58884288161346,213.46433751422893,1.6290784194957624,5.247321706581198,No
2024-10-17 01:21:00,334.60227050883407,481.7690643184704,15.547965855132,0.9222999014310731,3544.431019561639,ON,1027.2291200396814,75.75832791523737,219.5068827227135,1.8091144016629785,5.261639429053036,Yes
2024-10-17 01:22:00,351.9945451122031,469.71109430398405,15.225519737473263,0.7489200353201824,3046.5865089199397,OFF,1102.7096920628035,69.48948470554281,220.60461548995372,2.294218090120154,5.159994256611747,No
2024-10-17 01:23:00,339.4981877759124,466.05663756187596,16.12898799061059,1.2225195118045624,3079.2323405013626,ON,1007.3910369518263,70.18776538330282,233.4239509234834,2.2187531017365183,5.194489855026768,No
2024-10-17 01:24:00,367.92569943387264,470.3369883921807,16.551938671658128,0.9540384521224583,3110.407732310005,ON,929.1865570329696,72.00320819169919,228.86635796987832,1.711328992145833,5.109768284540546,No
2024-10-17 01:25:00,327.15219642824337,478.2067867276281,16.23758387324769,0.9432879205679816,2957.0387728222713,ON,967.8611808550027,66.05961873048165,217.65386081810797,1.2450034147103965,5.166696022426108,No
2024-10-17 01:26:00,341.61617229092616,452.28780777036735,15.998798079540572,0.1836394348632594,2758.3438447543494,ON,977.0561577487501,72.28177986566348,231.45502224578493,3.6438805936943695,5.163336612133107,No
2024-10-17 01:27:00,355.6581781259678,486.7148254200331,15.705364174105346,0.8291581054900268,3153.8827202952775,ON,949.1207611393312,68.16462676990909,226.0110588053742,1.929425163828597,5.136469463037834,No
2024-10-17 01:28:00,373.4828604385151,480.73071973161865,15.453918183640955,0.5840679594909268,3227.1718848163314,ON,1043.009131919758,65.51707229676404,213.60100545570944,1.8371305534086901,5.2136746502648466,No
2024-10-17 01:29:00,349.0137460839052,480.77278588561904,16.417375663162442,0.4347054589385251,3189.4989862922694,OFF,1040.5130022187666,72.867237466777,218.12922762645272,2.056667231952651,5.167601914929943,No
2024-10-17 01:30:00,341.672007099602,476.5771360821459,16.456885810692793,0.6504046021597585,3171.0242876104226,ON,942.227410309117,77.45836929400903,217.7766566673532,1.8786357053444858,5.250223472035198,No
2024-10-17 01:31:00,378.21735604160887,470.2942498654098,15.227135106654634,0.883563460383445,3208.6081741700777,OFF,1036.2540522223753,73.62414686742916,227.57892014761302,2.061364453852742,5.037767938670624,No
2024-10-17 01:32:00,328.27979149375636,480.0929185395023,16.794919489090343,0.7502494773012635,3404.568294310153,ON,1076.3406331788633,74.61488782570216,214.49466077917538,2.6434736430582095,5.1886645205892705,No
2024-10-17 01:33:00,317.01791065069875,478.87721200612066,16.287035610447,0.336457859597382,3161.9107628141564,ON,1095.127910261478,67.39684696718851,214.1438622036755,1.937725760156788,5.21315516401775,No
2024-10-17 01:34:00,356.6002167508,464.68938933588464,16.6997973225729,0.8227376740777861,3085.183484582546,OFF,1143.260601154298,62.011901354157715,249.53135964150937,1.4186447803361193,5.168937076016312,No
2024-10-17 01:35:00,342.4691866347108,461.3959734065465,15.328936125757442,0.4087237373772108,3143.7749030223827,ON,954.9003675278401,77.4506876104992,234.09603222620657,1.9191781027606944,5.182760730019077,No
2024-10-17 01:36:00,334.6815077430393,471.5278444289298,15.31708792229228,0.6650049356892859,3315.869351951355,ON,1141.2110213197602,80.2725744470238,208.59099003362292,1.7677991092950447,5.041475398927014,No
2024-10-17 01:37:00,360.6253467094903,493.2353022724278,15.925515345116352,0.5089949797568597,3482.40537570865,ON,982.2896805745606,77.7140338688484,228.56411490913297,2.7119494686234256,5.235647710466949,No
2024-10-17 01:38:00,353.657010706568,451.4133938651915,16.2513922134476,0.5343401244793122,3074.371252166164,OFF,970.3767272309743,68.32107030510124,221.77525098482766,2.5855595323687854,5.264760598256707,No
2024-10-17 01:39:00,341.5388205389491,447.9871210137134,16.898180411463482,0.8298728925121528,3219.786757405777,ON,1016.3536187438923,64.22682830635578,225.8732676289014,2.0537625002153996,5.249353729420377,No
2024-10-17 01:40:00,330.7954340199366,472.47141261854773,16.353039456907567,0.28794188405523063,3267.671488387192,ON,970.8969332953494,64.67158651090217,222.06011986847656,1.3606320725903718,5.303872705944219,No
2024-10-17 01:41:00,363.08685992420214,470.7633155278403,15.878659361593984,1.18355852228308,3001.4843986542355,ON,1019.9522070323263,61.58133716192975,237.84463968227854,1.387053868280027,5.22015296057825,No
2024-10-17 01:42:00,359.7530176693799,472.6001249655561,15.486815396167055,0.053674179211651074,3204.0834334425836,OFF,933.9961406131349,69.46310690794978,225.18430516977168,2.007561630792277,5.247868118065094,No
2024-10-17 01:43:00,348.5123620433093,473.6592979686275,16.615000286359574,0.4206996950235429,2906.865228531581,ON,988.0623698968283,78.02838979041228,219.0686695267857,2.1681614846606405,5.215609073845686,No
2024-10-17 01:44:00,377.69955494071496,466.6519661804779,15.517647287124642,0.7110635669825223,2846.1899392521204,ON,1064.2791117180839,69.29168684063879,235.63285865474526,1.8126885903369725,5.26875507195925,No
2024-10-17 01:45:00,333.94872850510774,492.34795157903125,16.81423427738616,0.7752942499305929,3273.3492815784516,ON,997.1469354284422,71.51161450174138,223.49927561631807,1.759915207896383,5.042277036386788,No
2024-10-17 01:46:00,327.1171224361289,445.9864403228523,15.857807675196746,0.5698572838284884,3123.2250517338434,ON,1007.0797893369942,76.87798482152104,221.82217868993587,1.7036003834106765,5.1106419032021995,No
2024-10-17 01:47:00,339.6213789517813,457.5725446282963,16.795291036308925,0.5827827890995373,3240.456081524244,ON,1023.7629302358656,67.97952344083801,224.7103390372917,1.988303019878027,5.358689965703309,No
2024-10-17 01:48:00,349.3162097546675,468.4511785977643,16.33946564502964,0.7231650255982849,3196.42100459833,ON,1058.533081465883,80.17765728359797,218.5958646495045,0.8086188239634675,4.95395641779038,No
2024-10-17 01:49:00,353.6500917398404,445.3521678326875,15.93150225527877,0.5306791567626958,3004.7199902672405,ON,917.2387643905283,79.96047203748726,220.13840489493202,1.449336685615145,5.1859822070174655,No
2024-10-17 01:50:00,346.38145913215504,467.3621839335189,15.740301814086937,1.0179543773804718,3190.9491396071326,ON,1029.2262025918717,69.34444330659758,211.1995811685719,1.6864745772763248,5.317227495960807,No
2024-10-17 01:51:00,355.28083094771443,494.9220524859203,15.82954606132696,0.8518047342694806,2953.379738997029,OFF,986.5930430379118,67.11232867990394,208.73249170564182,2.60375159747596,5.190673933445824,Yes
2024-10-17 01:52:00,331.2269086371433,470.3132973244394,16.21415834618762,0.8618473053016904,3478.19447160028,ON,1008.3318947655919,73.48619023195157,205.0214442027634,1.5930931790355354,5.159498892854931,No
2024-10-17 01:53:00,371.6564690610989,473.46051358578023,16.03857824810886,0.3101529829888749,2928.8059310280073,OFF,1052.997508488119,68.2623752874057,199.12025069804386,2.0902340709156033,5.21294216768153,Yes
2024-10-17 01:54:00,348.7677323241115,451.09752852241127,15.703094295965647,0.5761834726782891,3160.8429458062838,ON,940.2906674294078,64.21722391466332,206.80423957923165,2.113271375465498,5.164687981999755,No
2024-10-17 01:55:00,366.7594374738219,460.75457887940786,15.917184294841183,0.5098602153837889,2991.54568239055,OFF,949.3677779278455,76.4061932676149,217.38599448299613,2.648958252830381,5.203084949275694,No
2024-10-17 01:56:00,355.14088019566555,464.37205429514097,16.039288514859575,0.29831958729316027,3314.0842346721593,ON,903.2285020143097,76.0822369363854,221.54676373668457,2.631288703482075,5.131661896347987,No
2024-10-17 01:57:00,356.85129828730675,465.23427354865646,14.935632952792593,0.7080492551837301,3133.7137257436993,ON,972.5420529118112,70.7775580188178,215.9305515527854,1.9712485156025419,5.310867441995573,No
2024-10-17 01:58:00,358.5465092034831,489.22465692505654,16.22908405739435,0.438706272666055,3096.266656075758,OFF,1066.5216172189407,63.68567623135911,184.66444764808963,1.7622576294052785,5.342326492106566,No
2024-10-17 01:59:00,356.71562840025973,478.36536591087685,15.510139387641596,0.7966211489550711,3370.640309010311,OFF,993.9706405763266,63.85236874391307,243.61879536643514,1.6680834485871547,5.186660967788838,No
2024-10-17 02:00:00,359.64084139801315,453.3281306459445,15.423333798397127,0.2789425311317005,3205.88611833551,ON,932.9937552172607,70.53614644209577,236.29720184335574,1.8794683887671095,5.061351057930876,No
2024-10-17 02:01:00,369.9372879519865,473.6975716764801,15.156327826444645,1.1157121838525463,3303.3288891871935,ON,975.7160627712476,67.50064482747484,226.68639776825694,1.7829833228382,5.14761568296866,No
2024-10-17 02:02:00,352.94781754552207,477.47332622745176,15.103053751066055,0.3311002024223815,3003.734812696507,ON,925.6069148254688,68.29453533929195,248.61236008829903,2.276813704679116,5.1816011339897035,No
2024-10-17 02:03:00,360.6350563638277,487.102235577819,15.322276248443856,0.6657907011601308,2919.0366112144984,ON,943.7406949134419,75.10981577530002,205.33953823774434,2.2101549087426022,5.250553887690321,No
2024-10-17 02:04:00,348.6539645856916,493.7081102985256,15.645489521184755,0.8375577931164202,3221.4415924080267,ON,1019.4409455131856,73.66589658711278,248.31437680939007,2.295900595572508,5.099198677682932,Yes
2024-10-17 02:05:00,371.6017582317421,454.77358712258194,16.976629568763283,0.42880787093996614,3136.2307289010537,ON,941.3063336846985,76.89071340248806,205.52178884874178,2.6296418557180843,5.1230837681357855,No
2024-10-17 02:06:00,339.854115469111,457.83713733184493,15.737060162052398,0.8557405930298851,3325.286934490789,OFF,1055.631715260165,65.04688388311371,223.58106887937035,2.9314345607000885,5.251067613785881,No
2024-10-17 02:07:00,377.0141064936622,451.13633211628076,16.088875053134014,0.23124492065987512,3184.01830946749,ON,996.4439854584832,68.28404215656644,200.89244012298693,2.0623316967037786,5.2938908832039555,No
2024-10-17 02:08:00,349.3976307403349,466.48970211339525,16.200240693253164,1.0356353097547681,3241.015067846926,ON,1004.2797351972263,73.79490847730057,220.2204114331655,2.5497318856978266,5.137840595482932,No
2024-10-17 02:09:00,328.5383734682293,476.995375616695,16.065532593107925,0.6042447794897274,2875.3234940117513,ON,986.0813516196052,72.24039170506445,225.79249746997584,1.8241699080828924,5.066678294604901,No
2024-10-17 02:10:00,351.92156622366184,484.8100177488365,15.961278269637003,0.42107657760933614,3577.6873879228515,ON,1038.642391927186,77.6619019129381,217.67964503298168,2.5925034917915077,5.528411820128788,No
2024-10-17 02:11:00,339.7842251378768,468.8607346453622,15.402353118200377,0.5102454682717696,3167.1516029935938,ON,1039.1579943888505,72.10268352952035,230.70816166135205,2.530754578587922,5.278330423708872,No
2024-10-17 02:12:00,362.6096532348309,465.20228715117736,16.725463774139605,0.8426757808178158,3339.5173940678396,ON,1016.7527175956086,79.24054552052776,221.48521674230886,2.5042079849714955,5.173299623823297,No
2024-10-17 02:13:00,340.21064031046416,472.2763698837311,16.903598321818944,0.4246634124448685,3032.781665956075,ON,1028.2394552953824,72.7000890086157,212.16377907433736,2.047034920595762,5.286903127553084,No
2024-10-17 02:14:00,343.3072485017783,457.47285647554963,15.158670652938657,0.3751926931731667,3261.601980443468,OFF,989.3955165039787,75.3108372379433,211.49780023296492,1.6658209180045556,5.187554337028558,No
2024-10-17 02:15:00,321.656889035817,501.3430808254216,15.48798570455681,0.5335390207248786,2939.431047295051,ON,1027.1101503454524,68.38242526607772,232.16370658923546,1.3027357810672617,5.286715688910019,No
2024-10-17 02:16:00,343.2154052112638,445.8850845932291,15.860094828811498,0.24691136616900955,3290.413567651934,ON,983.1061112263096,70.07143605941995,210.19386955289548,1.9799813962394504,5.215939319777623,No
2024-10-17 02:17:00,313.64181010056564,472.77110868343584,15.517731102544904,1.1461631723825447,3128.8051831228336,ON,1000.11158110812,74.55472201919737,233.73104455727406,2.7665062711245914,5.2091271898167575,No
2024-10-17 02:18:00,326.2414576477141,500.3540932884446,16.252982776727933,0.430081622635583,3205.8381007871135,OFF,986.2678125316851,78.06489085296528,238.34067689247897,1.8450775493179634,5.188641813176921,No
2024-10-17 02:19:00,361.40621984216443,470.1019976684,15.635863898796693,0.849485035854121,3339.5948060260193,ON,977.1390730340402,73.64618474655377,194.96929206480806,2.3925632927300273,5.055261866653691,No
2024-10-17 02:20:00,361.7870023797625,467.14941447497756,17.0825280339033,0.6628410250943317,2953.491937755944,ON,965.5444101139105,69.5841411403269,236.99389580951552,2.4219757002594657,5.393809489939314,No
2024-10-17 02:21:00,356.3818634267745,464.63831865784357,16.595274297171798,0.30463978485540955,3063.1016538774406,ON,1023.3845051929443,76.88667514764171,250.9063404766705,1.8581568895364136,5.105846607973226,Yes
2024-10-17 02:22:00,335.4953578530618,467.2941247735639,16.106287015316106,0.5982135872361811,3291.464856217353,OFF,1065.530295640673,59.0401067186006,223.78005641802892,2.6581724187597597,5.063997642368941,No
2024-10-17 02:23:00,349.28432965787033,490.59272712014797,16.513493131659867,0.8352008337932244,3619.6442949093494,ON,1058.555098583478,62.88882749246563,228.98626277942233,0.5456696277597481,5.178714011724363,No
2024-10-17 02:24:00,349.9459619136415,436.8220713300574,16.552950212178654,0.543521599474108,3172.383533067704,ON,937.1717332027282,73.40817111834194,235.55507986553738,1.3886248606309124,5.103852818648949,No
2024-10-17 02:25:00,332.62452966211185,493.0015055194449,15.718026255970878,0.9579338837553084,3318.2272235847863,OFF,1064.4601525703438,70.07054178126562,215.86776527231467,1.54218385182077,5.194828720943973,Yes
2024-10-17 02:26:00,372.5509745265073,448.6406427132478,15.591891377729018,0.9064546178345592,3178.605706028304,ON,984.0920749191035,73.02756825562082,222.73420335306804,1.5901424885663051,5.268776384856177,No
2024-10-17 02:27:00,363.1604343586351,466.0002150614838,16.039071531484822,0.8756744563974987,3588.44911895126,ON,1030.0366507572796,70.3220376121597,200.28700705565336,2.168131475592948,5.299530290052923,No
2024-10-17 02:28:00,346.68553739255503,463.5613336955201,16.43081806224897,0.46210296831810094,2850.5556666069488,ON,954.6892333976394,72.85472847301936,222.07952542795675,2.1450189015269507,5.281473072162169,No
2024-10-17 02:29:00,350.40328758491796,478.8282990465608,16.06953019932671,0.2760472656655539,3218.924208933872,ON,1007.0989956937003,65.92798589503404,227.47167993466812,2.196995286087504,5.169436794521432,No
2024-10-17 02:30:00,353.12574211921327,446.0281347217438,15.211501758904502,0.41592371839116166,2874.8911932875876,ON,1015.6861591448453,72.85243043039846,227.74244534389703,2.2980407470662434,5.204959182766158,No
2024-10-17 02:31:00,319.37397697363565,476.9325899912291,15.598587778024578,0.6588722822000161,2698.6856858926567,ON,925.7697604040173,74.97207264103793,235.9813708539637,1.5249477154271753,5.240787905089749,No
2024-10-17 02:32:00,346.29233926219104,500.3646443493028,15.963013568202811,0.7637360140597066,3259.4924106235635,ON,1030.4133583172095,76.10275301965616,208.37796732796707,1.3909119665963405,5.0242212576057925,No
2024-10-17 02:33:00,339.77023628003303,449.5523899311078,15.962167197837084,-0.05147142142813421,3227.899559229492,ON,1067.2967503919158,80.0677714732435,212.01089864989754,2.1981598410039314,5.2570584700119865,No
2024-10-17 02:34:00,334.9756998515763,472.84559251415595,16.986271088394904,0.5975660395164749,3143.0326124515595,OFF,991.2676027159187,71.22049221751193,248.43261018987033,1.6848839631767805,5.054270071241617,No
2024-10-17 02:35:00,345.7834956067107,460.0702673330509,15.307006028800501,0.6474267675969553,3178.7611819920494,ON,1068.0084065414007,71.36955543423589,217.74507439354434,1.2147624773160146,5.404034659890649,No
2024-10-17 02:36:00,376.96529790274286,476.38830809289556,16.25279462091794,0.5167367231053345,3819.6598868142514,ON,990.5153253273796,62.38413767913076,223.0005068096849,2.4856721422707406,5.159548491535831,No
2024-10-17 02:37:00,359.61264291900517,470.2872166612363,16.744556554164145,0.9873821517047636,3148.3649723937133,ON,1042.4792265523308,67.34294299430788,218.99484937412169,2.697550953251149,5.181512482280541,No
2024-10-17 02:38:00,341.43231515325806,460.37769636433535,17.1357248727114,0.7265340222752612,3302.024872250015,ON,889.0715017024451,69.03458962996693,207.67478760542465,2.7785804448493296,5.123029290076214,No
2024-10-17 02:39:00,358.5887417203424,477.3180842730661,15.797801288408019,0.9930575724242691,3070.1270360772237,ON,1120.9388889656732,75.25159776138177,244.3529381633771,2.09350386073736,5.137002996814431,No
2024-10-17 02:40:00,370.99033154879004,497.06522164680115,16.2457147263601,0.5352118438949303,3259.0465150081204,ON,1074.7729122621479,66.94499437955186,212.0844788211909,2.312966047986451,5.427409356914324,No
2024-10-17 02:41:00,363.86950524369155,467.13644312409053,16.284880178599323,0.8812432477520775,3152.3532649888766,OFF,985.768724787316,73.98170009874416,203.09071714439605,2.6849341116809553,5.29403696886233,No
2024-10-17 02:42:00,350.8944555488026,480.7963691322227,16.097740865776647,1.0905199183582557,3117.896303454054,ON,901.3955486678091,69.9918914151831,213.23889584045872,1.679292104988283,5.045079755485216,No
2024-10-17 02:43:00,340.2959483344164,450.60090563193256,15.950577399380347,0.9935080347817983,3563.7797064400647,OFF,1014.4014184152744,69.11415942442619,189.974409974117,2.555338842027046,5.350421290068523,No
2024-10-17 02:44:00,360.4733497042038,455.65345434772985,16.217987694750022,0.2723575219713801,3435.4369926368677,OFF,927.8037226463122,71.24446984566629,210.23068802525228,2.1376981170716043,5.3193242275141435,No
2024-10-17 02:45:00,355.9022807813262,477.08609416820565,14.733876957390157,0.5238971767372856,3227.3493294798463,ON,1022.2426768778744,68.04421813873579,205.4780710322151,2.4568558261712954,5.171878753771171,No
2024-10-17 02:46:00,363.42789830041596,492.2617404280395,16.341034745031315,0.49645058836506106,2739.1576128112065,ON,1020.5782859582141,67.85481375953667,229.26142946390988,2.0930465104379676,5.230669694202984,No
2024-10-17 02:47:00,359.52757702522956,475.3342002317849,16.063088951830984,0.7467763605228983,3127.798155349486,OFF,952.9298415498988,61.476070471049425,209.89878640660191,2.648128354874001,5.198505592057892,No
2024-10-17 02:48:00,365.74329072979003,465.3041295421527,15.888762551610867,0.8059060665043599,3740.6055128810167,OFF,1056.0483511807188,68.76022896336055,233.31705903368274,2.1117618812707684,5.397257990444693,No
2024-10-17 02:49:00,341.9714718265915,469.9893710813503,17.023431097859778,0.3483321977922791,3153.8676666720585,ON,1040.2787351403088,67.60015926925637,240.9772598960398,1.2580104702662913,5.120370981100791,Yes
2024-10-17 02:50:00,369.7609109845149,451.24388399045426,15.662532990604724,0.6203515541750813,3420.6435144107318,ON,1048.791166864428,67.4200950532546,231.71763004431398,2.725963316157361,5.214601060977573,No
2024-10-17 02:51:00,352.963994070386,479.0677298953305,15.798462005467485,-0.005978199646840876,3488.3884803905203,ON,1000.4428851834448,72.0843653129502,216.76917566709886,1.526234629513944,5.15718546690072,No
2024-10-17 02:52:00,381.128913089379,483.23499593485116,16.995776651102368,1.032583501740567,3243.792783171195,OFF,929.2237966543147,73.29315976395254,222.1167174505839,2.626529105121957,5.056695959538215,No
2024-10-17 02:53:00,339.6621827286565,463.21864500750377,15.583969347575072,0.4462877277969919,3031.6356736263697,ON,1048.893613610557,71.16097252321164,197.1252258978391,1.954878559279839,5.419163825505499,No
2024-10-17 02:54:00,376.0394570474787,462.9493677836075,15.724942358531731,0.6167591819533491,2712.9375336434223,ON,986.4814300432105,74.97707595224738,217.99330941218142,2.588005492598853,5.081843342089759,Yes
2024-10-17 02:55:00,352.9686617519397,473.9881734447807,15.926487288284575,0.5071050858035816,3336.832641721791,OFF,930.5109928403665,72.87780962915183,207.0934229789975,2.5673843074333824,5.222012918748778,No
2024-10-17 02:56:00,340.2287299457833,463.44920395939107,16.420367241064774,0.9438082725040244,3037.04879943529,ON,1067.6019682987162,68.52471905097178,230.4148957172395,2.2150714871576858,5.0259299393619665,No
2024-10-17 02:57:00,342.7417124891852,469.00801078061266,16.103901253676657,-0.25125193241921373,3235.2300903775385,ON,1104.9703760251255,67.6857185714281,258.5912858386671,2.2542676588135655,5.160092946075691,Yes
2024-10-17 02:58:00,345.1947903770852,501.4958268374977,15.353687326423868,0.5950168973022273,2950.035932082127,ON,997.9375935510399,71.56411118383423,227.49732453960715,2.211314308596283,5.242196882143346,No
2024-10-17 02:59:00,356.3624891960287,466.29461448881005,15.733915718436405,0.5682543727506906,3146.9524919059595,OFF,1107.9560577301645,72.8688355495095,190.13289776568,0.9930876218594611,5.117526602049764,No
2024-10-17 03:00:00,357.8425323205325,464.62489771968166,15.696322783393894,0.4639090837224952,3206.7438109802106,ON,1004.5657364305674,76.9892215351575,214.5815471062844,2.059165109449101,5.258680185073565,No
2024-10-17 03:01:00,341.3944999409213,460.2868729154726,15.961389477388478,1.1178679636906899,3253.7187162088594,ON,980.9772047916824,75.95586522470047,221.8373638806168,1.4419679119640525,5.173095890811192,No
2024-10-17 03:02:00,349.63468111608523,481.16287957249904,16.212921829314915,0.3338011623432686,2977.035562529517,ON,968.4770772907261,67.29263496746415,221.31036137890396,2.0855935718728316,5.316008251239862,No
2024-10-17 03:03:00,382.13405537917794,467.28163740172846,16.209102877943987,0.8315388531706983,3439.3821897522703,ON,1081.8541203996372,69.48996859936369,209.0378031158687,1.4285287268083922,5.336176091334022,No
2024-10-17 03:04:00,375.9131475515107,460.2594044251786,15.1119941229758,0.7068758366118251,3080.6210430536057,ON,960.9928059306114,73.35508902458885,223.67937613955402,1.4075240293869626,5.141325523926999,No
2024-10-17 03:05:00,356.54485504511047,489.8195604840952,16.531970493780427,0.9784557757606547,2865.106107909351,ON,1036.7634654987494,75.33998889029486,201.3624874462092,2.802467250876951,5.207673285939296,No
2024-10-17 03:06:00,350.570052172523,491.2940450677046,16.12628442299831,0.3998432745667484,3178.195316007307,ON,972.0418082470396,74.69484734352396,205.82636915972398,2.534723694062095,5.218345422647223,No
2024-10-17 03:07:00,351.8004699007739,460.99364651391943,16.692266023796954,0.3801093302628723,3206.875061805292,OFF,976.9846618712818,69.68061083584327,229.68696462405566,1.9979287075279228,5.26193492954347,No
2024-10-17 03:08:00,359.2027695909562,442.0019007295908,16.222099163645336,0.9288209722432195,3232.117886634352,OFF,1051.5124846984784,63.72988673785742,204.76505153680262,2.092384325124512,5.201438199624427,No
2024-10-17 03:09:00,334.65811152202394,485.11270534755386,16.55066147886788,0.7275963924990331,3472.426480737016,ON,980.9981576855323,65.00531811877204,228.07317408238384,1.8760419871284957,5.219021095934284,No
2024-10-17 03:10:00,346.13935193864984,459.7305526135999,16.233272655725063,0.13651879599697242,3152.710232652828,ON,979.7602310289853,71.36316757159707,199.45804338015913,2.2849381879897614,5.175659352520488,No
2024-10-17 03:11:00,324.97123889183615,481.8593839874415,16.673112878101374,0.4382084956610188,3176.0760751262455,ON,1056.6402348587403,71.71112789712173,246.47238825687603,1.6619728167255976,5.211523986697202,No
2024-10-17 03:12:00,355.9883468390792,440.44844273432244,16.26112531800889,0.7159147961544182,2979.3631237533814,OFF,1079.8698646610812,64.50660313282808,208.38595116393918,2.4968701314339787,5.329794019353513,No
2024-10-17 03:13:00,359.7079390955411,483.38896007448966,15.951042376778547,0.8513292664639767,3364.1107005775793,ON,1032.2344901642116,70.22284805444636,216.64500142294833,1.8734565794929445,5.264608324121186,No
2024-10-17 03:14:00,342.7522030655094,451.8324210607883,17.13621736022344,0.39623080404211347,3236.861812815621,ON,967.2615112188025,73.15612178485891,224.9591989163561,1.7900765020843856,5.270125563944337,No
2024-10-17 03:15:00,373.60980144935047,480.96146178599787,16.444518561139947,-0.27427679694508234,3115.9944545411677,ON,974.469575035121,64.24386671246428,211.51975071248359,2.0108565092424215,5.272307032413558,No
2024-10-17 03:16:00,331.61351505496486,470.2140960175465,16.286872210502207,0.75696695572111,2819.0650613069074,ON,1003.9957631870019,75.52498600902207,222.15108941606957,1.7044265850371947,5.184619122211896,Yes
2024-10-17 03:17:00,328.0343767968527,455.69090870905035,15.361847791730831,0.23390379301680725,3488.8824390110176,ON,1016.0465030962829,68.11234425720087,228.6303508678019,2.1643411747482415,5.231882704357953,No
2024-10-17 03:18:00,353.3667772783996,463.8944553060983,15.355846191268231,-0.00520163943672336,2954.464007108789,ON,950.6067044930114,76.28806556288326,234.4091984875523,1.7313187053433001,5.091482632166426,No
2024-10-17 03:19:00,365.7064745391823,480.2947768543505,16.146357741070926,-0.24969777749524225,3081.744398126059,ON,1036.1518969789931,67.33273777112049,231.87246153959435,2.234261801409418,5.326880765631696,No
2024-10-17 03:20:00,375.25891537186806,471.5884167967285,16.07276059888412,0.8441942580593224,3271.6689022152004,ON,1004.2756664819799,64.8668725855791,217.4228430429599,2.6080032694557382,4.921703956765678,No
2024-10-17 03:21:00,343.1167360569659,478.76619470708727,15.692938717495842,0.6385852351214899,2960.6884142766626,ON,914.2145840680935,67.7093150507914,217.80052338934595,1.6403391565959131,5.191285160766458,No
2024-10-17 03:22:00,366.18021250146944,499.6466087677323,16.07049134980603,0.5323030857863245,2901.298044349371,ON,953.5536758769634,69.5242593846134,255.23662837037548,1.9347122713524143,5.314089597715028,No
2024-10-17 03:23:00,349.4223729574894,446.53637582433424,16.794313464021798,1.0167073088888285,2775.210483459867,ON,974.7935663174168,68.05760046614259,234.24833602373937,2.230665356517711,5.063613206637066,No
2024-10-17 03:24:00,347.4105905008877,494.25818862452934,16.34770123727515,0.7911974049069217,3344.1993905811273,ON,996.3571155579473,68.91999289213443,206.1726451551968,1.7820713225092966,5.239977991761685,No
2024-10-17 03:25:00,363.25489906230007,471.5653390628482,15.429495745123631,1.084890012816575,3090.9627510547357,ON,1094.4639397751998,71.66982574838096,221.4998224564833,2.2321602804133325,5.1319233553420975,No
2024-10-17 03:26:00,359.7848431762013,456.51823927515306,15.944245586428528,0.18217935834990107,3785.454018494666,ON,1011.9085653069814,69.144103151018,214.9728529183271,2.27769943032587,5.163119673481114,No
2024-10-17 03:27:00,326.3541176452363,450.04529561391513,15.59751675957372,0.5896348128138109,3001.1289868738254,ON,957.9614055050688,69.66943803023996,217.96998649115335,2.541630888147152,5.294594096063944,No
2024-10-17 03:28:00,372.1481052458884,467.1631941383445,15.80615004179572,0.11498598751559574,3015.7097953142156,ON,1011.0315402153582,61.45386800398702,201.5575726343787,1.697004976957544,5.2198056925885155,No
2024-10-17 03:29:00,370.7013703122118,483.8247516788669,15.793192167185179,0.5311853004433598,3086.9214059429196,ON,982.3956126273059,71.95849008005236,213.8211514842107,1.5286123798847626,4.996564413211564,No
2024-10-17 03:30:00,340.61655947735704,468.086763194337,15.761177208697998,0.5254152438699968,3248.626931027698,ON,1016.2379119766771,69.55398351154166,247.1733365979087,1.8462113052181282,5.10235744602684,No
2024-10-17 03:31:00,355.93705300156114,492.6673239537102,15.372432314013302,0.7879840911789212,3105.9593322429378,OFF,1029.0283843517807,78.05146490241435,228.68614451313255,1.5161238302264501,5.297533573488876,No
2024-10-17 03:32:00,357.4104527942411,448.2323646492266,15.936172659240905,0.6136691643425695,3322.4664428005026,ON,1060.461532361197,65.30217416373021,182.6325788777281,2.2822491020237488,5.2448942718193,No
2024-10-17 03:33:00,353.91010648735863,469.81866578230915,15.719696181576346,0.7870221414839746,3004.282322002269,ON,998.7856752164987,60.95852335750243,238.2508523874692,1.4191243499117943,5.374813557252429,No
2024-10-17 03:34:00,341.7454226923187,451.21409833380324,14.535275654998866,0.8110320399416682,2923.681656307284,ON,1081.9480263799917,73.09034246965021,236.3444428436374,3.166508209126344,5.36826475940133,Yes
2024-10-17 03:35:00,339.9256494809292,475.4544782393745,17.02648601225083,1.2464786032149426,2840.3570521181787,ON,1045.4011331268096,71.732635091565,214.61072043540375,2.6479639307868754,5.165775486985321,No
2024-10-17 03:36:00,349.6166889351283,483.3033108514595,16.544384827108335,0.5054110034141627,2755.2851664125606,ON,964.6280227593907,64.95783489734427,230.75895315674822,2.006287884800157,5.450323780506949,No
2024-10-17 03:37:00,367.5909352888905,463.6885730947842,15.811849637537502,0.31769318980008626,3096.386196104989,ON,1110.4927832874232,62.35125522497954,207.109011837742,2.433697246498988,5.202447966985191,No
2024-10-17 03:38:00,358.15400231891647,430.93679215059296,16.0094095248703,0.6738250845949226,3139.8039375213557,ON,1016.3497256635048,77.68698365342145,212.94616425600464,1.1815990678446042,5.103733146559097,No
2024-10-17 03:39:00,344.4407850187084,472.98422220194743,15.414172826341218,0.35931599185813695,3073.712594503363,ON,958.2437748013882,77.07055195303391,242.47819541004782,3.261686665699779,5.136636013408943,No
2024-10-17 03:40:00,361.57548065972514,476.55107827600267,16.847861438905433,1.0445882305309606,3448.6811594374326,ON,1082.645652561521,57.562716206469354,215.92404940195436,1.7048926938997553,4.974327489471058,No
2024-10-17 03:41:00,307.27186069054886,476.06442132442544,16.948644347386555,0.5150345883164302,3445.606041921627,OFF,1103.8888792599223,67.70888485371749,191.95402507067513,1.9397512930503202,5.360701900824928,No
2024-10-17 03:42:00,367.23148550558153,488.5367328773323,16.07834686412326,0.43032708963780286,3133.0394025110995,OFF,998.348736814022,78.3209602739195,219.05045165827994,1.0720333564057816,5.359476198904386,No
2024-10-17 03:43:00,323.9042933183285,453.93419480526427,16.51176532209267,0.4586052836546646,2841.2157773616073,ON,974.8174869812202,67.61968721111066,218.82117410628464,2.2431436523704473,5.098449256118668,No
2024-10-17 03:44:00,344.563385878953,480.20324158175674,16.08764338946696,0.8155252270414922,3086.6589783889895,ON,991.3812521273169,67.54693882986673,237.97552854060189,1.4468279214614457,5.177211571161809,No
2024-10-17 03:45:00,333.2049515806078,487.8876126871696,15.331637280562035,0.5526759050305544,3080.0357212165877,ON,1035.736586375885,68.58620336185317,220.2150463326364,2.0508278807830145,5.209560754411258,No
2024-10-17 03:46:00,330.57977786418644,443.32118623990226,15.794088315518172,0.4074999539608853,3068.5730075443885,ON,1063.8928327515257,64.3955151311592,213.6762653283956,1.727862783537731,5.103964694785788,No
2024-10-17 03:47:00,367.4124018106778,474.79477738878467,16.065963983385977,1.0996055752870593,3060.456219220351,ON,1028.5243665431788,61.47612127885978,235.6758421784681,1.4611280325348281,5.024489796872884,No
2024-10-17 03:48:00,342.9844819803216,462.4373025348849,15.772726140628277,0.343149047801475,3069.307420855039,ON,1005.0861604235885,75.26273655367375,221.81185348751666,1.5978192491186913,5.178964239622309,No
2024-10-17 03:49:00,355.19755822596073,468.7771599034753,15.890673361282483,0.6106698222098981,3122.6916768204483,ON,1074.9005885152214,60.785315468761624,208.74965977651425,2.112894017042761,5.167892057054075,No
2024-10-17 03:50:00,349.2961913168122,475.21514725307503,15.954300221245443,0.795691845483069,3072.8917802368887,ON,984.3581763474239,71.23635726054378,237.32496340812426,1.3592545135655878,5.161158875901123,No
2024-10-17 03:51:00,357.1556124083468,462.6915715382967,15.959560751067269,0.11059946687487804,3241.6645017251185,ON,1051.5459669183454,74.43289746378825,222.90492646775198,1.6255941644882115,5.2222716062600965,No
2024-10-17 03:52:00,351.1523283659038,459.8643788125758,16.026129245248743,0.7440781504217775,3272.073743180972,ON,985.596860082436,62.743868505494206,220.04388950019157,2.331636690632239,5.342951965852599,No
2024-10-17 03:53:00,330.75511663717145,470.51228626232034,15.4696974668017,0.2834676973558652,3017.870982563502,OFF,1021.5511479005446,65.37865798702464,222.6686258711748,3.3012399374371566,5.169690728030828,No
2024-10-17 03:54:00,364.9440022917071,453.691310917058,15.641491925436032,0.8468348342502007,3454.2130652014066,ON,994.3218717604774,76.06589594195795,203.93997442875104,2.2387944097765025,5.2170442998721365,No
2024-10-17 03:55:00,342.5936512525803,453.71262306672224,15.357707867150015,0.3112046964243071,3003.987539631877,ON,997.2073908673594,72.6644586011352,212.08519335732495,1.5413691789113564,5.2726870523744935,No
2024-10-17 03:56:00,326.6512715201037,480.19059924434754,16.4889077748431,0.8078307095546582,2876.4398772369327,ON,981.1306741268895,66.91357146560557,220.05373902749176,1.8164429149638446,5.255414292651275,No
2024-10-17 03:57:00,343.5782725855113,452.76808947262015,14.947176529079838,0.9317499198884138,3276.1556142730105,ON,1067.2427015590347,76.01124501680586,217.0800445746298,2.015794503076289,5.138557647555216,No
2024-10-17 03:58:00,372.51139685951466,479.99468751363815,16.576795171658464,0.8584309576898415,3036.518373117132,ON,963.3536980945732,76.03267861727151,239.08642574224893,1.8252875246821463,5.2096377123114035,No
2024-10-17 03:59:00,362.7533261317024,476.9388693928093,16.69317469863142,0.6753949944714307,3264.2582941514775,ON,962.9883873725646,71.34526346507853,223.26108779090504,2.4515290833684666,5.254753982016905,No
2024-10-17 04:00:00,344.7702179838821,444.1128990681411,15.848909706508689,0.5306097171210902,2719.266279779894,ON,1106.0496782922555,65.49919886063168,232.82355883954602,2.108736741507112,5.087164866248923,No
2024-10-17 04:01:00,344.7611344352236,459.8365302149652,14.69843145608635,0.42707412709954684,3478.4911882966135,ON,1048.8923782327165,67.93275648264103,220.14093031863774,2.453926192454935,5.326353901079651,No
2024-10-17 04:02:00,345.17547423173926,487.9116410457106,15.819344719016355,1.0413104072451311,3334.4586816080805,ON,880.7443150653482,71.43193371977695,235.84432725619183,1.8427781048511853,5.343158890521411,No
2024-10-17 04:03:00,381.1512197534126,455.28251703290476,15.967907919355591,0.390151433949707,2899.9046901673996,ON,971.7370630394798,69.05702585426256,225.9629163485973,2.662750109860628,5.127721974455551,No
2024-10-17 04:04:00,355.7290317834733,463.03393606535917,15.494700890035544,0.28888017792900117,2904.244575230743,ON,909.4005331218973,74.69478589117426,220.2013072808269,1.916757207859227,5.219367001834817,No
2024-10-17 04:05:00,356.45062470786604,476.93091339877844,15.742390803095878,0.799610680509849,3534.4531808195056,ON,952.4654653292372,62.351129599453316,219.8007536656147,1.5144050654310042,5.264227825667104,No
2024-10-17 04:06:00,365.4542518104776,481.7508576392389,16.765097599431677,0.3611589590440514,3052.5240193004083,ON,843.074266688298,62.5286823546688,205.68342060563555,3.088660190521111,5.145438584367125,No
2024-10-17 04:07:00,353.5818373853977,466.22691670933256,16.332463581150872,0.31498095076016186,3033.1630302534754,ON,993.1505211153029,70.90435555741216,227.60373580204467,1.0875111265194417,5.248161384568809,No
2024-10-17 04:08:00,346.11436781268947,461.03734707962536,15.53771794281095,0.16691872134907054,2746.7895811701433,OFF,942.9029090419344,67.54227793096548,219.39692898195432,1.630630637347536,5.216325562629216,No
2024-10-17 04:09:00,347.05475226372533,491.3355479254776,15.201200415202283,0.4551270481618447,3129.844358879689,ON,1002.995262839822,66.86475692651129,212.47012059728192,1.6864860740848027,5.05320818223612,No
2024-10-17 04:10:00,348.925981108789,496.0834949569637,15.836491341195114,0.575185492831052,3154.4560770328494,ON,918.7439370558737,61.15971640412801,236.59692656218107,3.2541531365282816,5.245916131597856,No
2024-10-17 04:11:00,349.44166645235237,484.6828707617269,15.893271610324781,0.6729275182982096,3343.098619353897,ON,1004.145592658602,70.09772922399091,201.24675961157797,2.903429442073256,5.0899857583728965,No
2024-10-17 04:12:00,360.9144431545547,471.2797721384754,16.24809959368166,0.8853918732898449,2920.184314363105,OFF,979.2541860939837,69.73622445999617,213.6625615685135,2.7469640718210986,5.293920285166205,No
2024-10-17 04:13:00,350.7791882871095,457.8760141753861,15.73234164371617,0.7580693770997381,2895.9426415518783,OFF,1075.09764825943,73.2673949097587,235.415781231693,1.8346706688118342,5.1328788924866116,No
2024-10-17 04:14:00,360.9896011582337,457.5433339016515,16.25574978768093,0.542738334134046,3290.1925269552953,ON,1070.5678430872813,70.34453066560486,224.7328441138038,3.2130890019208875,5.183871456633885,No
2024-10-17 04:15:00,348.78925129837125,477.8377115789864,16.967577020030113,0.540541297086084,3401.346014245413,ON,1039.2672801505141,69.33697960879752,219.28211608520863,2.1841760019204854,5.337227891344658,No
2024-10-17 04:16:00,351.17952785474137,476.27597331333027,16.40775051122213,0.753047240674555,2885.7695297764235,ON,983.6693109669394,75.88500318395168,223.7650531472522,2.488631685151561,5.249638164652885,No
2024-10-17 04:17:00,320.02698973201836,491.02397889419643,15.975955746334614,0.9817710488785708,3416.3028172599484,ON,1099.2690197630147,63.43766348275725,222.69121256573263,2.0898476905531034,5.092052608042546,No
2024-10-17 04:18:00,363.7449151205372,479.75675138804206,15.908424764473352,0.6378942598449601,3207.508368297364,ON,922.3482361080089,72.68194609423789,197.25006180571117,1.9752667143383742,5.098508342920092,No
2024-10-17 04:19:00,355.1973271384699,447.4537954736027,15.821663432910064,0.4592607437368773,3418.361067814929,ON,929.8220685218168,61.644264176023256,214.76107171978057,1.8741106630368103,5.140069721137627,No
2024-10-17 04:20:00,364.9701516478948,485.7792142658438,16.590320456226074,0.30214019967433636,3185.9559276964765,ON,995.8108450055468,65.80819059999597,244.24782481770623,1.895180003290419,5.2394644083356665,No
2024-10-17 04:21:00,306.55616932709466,455.02909059028383,15.68634327702435,0.16643842067633235,2695.54441650241,ON,1112.701905446056,63.93671433688343,210.1101379783425,2.3042458243390396,5.235829981493277,No
2024-10-17 04:22:00,381.32562057171094,464.24043092071474,16.02261135449999,0.7998809016130569,3169.6065235367923,OFF,989.8830546564956,73.90971267725959,215.22548478843498,2.183599899387694,5.115689769533713,No
2024-10-17 04:23:00,347.9061555776724,473.7530030937754,16.02559895094054,0.7733935570918671,3412.028763734254,ON,990.8377378395359,69.67294883202302,211.87568855036218,1.984264314898158,5.083279051438565,No
2024-10-17 04:24:00,366.62274225106273,499.93501234675944,15.749107903594235,0.7732090575319984,3021.250796183257,ON,927.9044821944095,69.93248377703512,218.69477165022795,2.754761996349427,5.228158340508584,No
2024-10-17 04:25:00,334.401411093117,516.6487783400804,15.31376722605795,0.5614021660943832,3122.4070062185097,ON,1047.296479263519,64.46633506135275,211.25315753013552,0.5166234656296347,5.181813993420984,No
2024-10-17 04:26:00,359.1916085759385,479.10084588704274,16.161487251808833,1.0220804237675252,3164.7732992898045,OFF,1047.6588127164678,68.50153252033556,227.3011225323709,2.2549436239605973,5.415721588744774,No
2024-10-17 04:27:00,334.19876655239517,467.2520507191942,15.969498014072308,0.4547644516245547,2620.0972240263036,OFF,1039.4537600699955,66.18267348345444,222.959701184354,2.3588693533294895,5.203660365656308,No
2024-10-17 04:28:00,340.64346558956294,478.01758472720826,16.250120234718285,0.8865807711621616,3534.269515087495,ON,968.5389663576319,71.91727507427107,231.60321422660527,2.5734814341275847,5.381425282770028,No
2024-10-17 04:29:00,378.7104703080018,483.31483138810756,15.733199846780417,0.5883771315031371,3019.7248640205653,ON,964.6646615813497,65.04454432334194,204.2358825071656,1.9675642794733195,5.082961640189566,No
2024-10-17 04:30:00,347.1397639885498,465.1899856166421,16.610410649406525,0.4174947705961987,3301.14708649456,OFF,935.3438874797515,76.64897182602537,214.89489275675646,2.103960033691979,5.042678706043829,No
2024-10-17 04:31:00,353.26149309769585,496.9281703386848,15.561613109394077,0.7777590921953283,3182.6597727703584,ON,1004.1936250880467,61.62209775187953,216.61416052581797,2.4929741916573604,5.0879914867474465,No
2024-10-17 04:32:00,363.0510159603313,473.45106138787105,16.856020142008948,0.7228908356051981,3451.523811271872,ON,945.979633536075,65.9674008377172,226.8347036513289,2.74558320214009,5.318912978145347,No
2024-10-17 04:33:00,357.43522831958904,477.4661463363709,15.12618174508587,0.7070918277800778,3281.211224485616,ON,941.1291747375355,78.38600254983048,208.1016820418945,1.8497320074106158,5.375610158969353,No
2024-10-17 04:34:00,352.2562835771536,479.9888637808169,16.217385032278447,0.6243835266168596,3153.015145695805,ON,978.8154641544662,67.82430626018983,233.73480706387517,2.1334878915637803,5.121782054604736,No
2024-10-17 04:35:00,355.4744150369934,476.32379915921683,16.23771534126331,0.5886320754849507,3021.296981496144,ON,975.5421912407892,63.42560667797794,237.79623385776412,2.8392869821743787,5.153943397024045,No
2024-10-17 04:36:00,386.0512337785741,482.58410750704417,15.602221466029558,1.3165115978611315,3359.570140276428,OFF,973.1010735589023,71.09535781268835,205.16691478546625,0.9379864620605745,5.08310190897875,No
2024-10-17 04:37:00,349.13571804449623,460.74120220179617,16.212196968930506,0.9552769935588519,2825.3117392090767,ON,1023.322229842013,67.62303878892729,212.63690657659652,1.6549937000927075,5.018836015288161,No
2024-10-17 04:38:00,353.0164857007245,461.62547369080954,16.63975933488008,0.8168480684956536,3329.1780840551783,ON,1003.9523901075139,65.82064872190847,212.02102737561862,2.7329179893014817,5.271841169777663,No
2024-10-17 04:39:00,365.7598159401142,453.49768650542455,14.891590580322967,0.6335397474610165,2980.1910496890255,ON,985.5921984744441,64.52064594600641,259.48579307016246,2.5462689168041517,5.222302030296216,No
2024-10-17 04:40:00,366.58288899436974,476.5925184593034,16.251372403745407,0.9021471601790008,3450.456732391328,ON,1009.1506464155741,83.84186802812971,213.5514984218817,2.261222605463347,5.201048798267387,No
2024-10-17 04:41:00,367.8054545834057,481.6840475526817,14.75336458983496,0.7553984329174355,3232.259908532539,ON,950.4236479447684,68.74224049907932,245.164381632342,1.7757015634454398,5.059994346283662,No
2024-10-17 04:42:00,359.58095333043775,476.8665929922783,15.517167598238396,0.6078614258322107,3328.8247535700216,ON,1005.2639311954839,60.37216319833561,201.00052007340085,1.5590907505072904,5.363995668182866,No
2024-10-17 04:43:00,332.85492630904275,495.11738650021306,16.814583182450473,0.5089307024202254,3216.3977627649438,ON,1007.5301246422317,77.46854879502767,205.15523550753454,1.704392190378813,5.149664326195053,No
2024-10-17 04:44:00,374.50147298451645,469.9160597175643,15.709108983303974,0.5757247987011935,2849.524580971801,ON,924.847657032126,73.05535452555286,209.700932022277,2.7740041104093462,5.2533626424816475,No
2024-10-17 04:45:00,332.8048191047197,480.0311248338877,15.413060017795514,-0.3511277207634167,3027.8541673209324,ON,1049.7846877185182,66.16766784490106,207.31466032830215,1.6857786554223269,5.054543859475528,No
2024-10-17 04:46:00,354.5395319785855,453.62448685791026,15.90103113550766,0.6631802517892925,3334.4778675222765,ON,955.9283147386502,65.3344045565693,215.9815189876225,2.050711482119829,5.180947481037997,No
2024-10-17 04:47:00,338.68586224970966,464.193504462884,17.033953169081776,0.45345717596689206,3233.331163471969,OFF,1004.5154899603217,73.36736398079115,209.36832695917752,1.623146177569127,5.229137445623858,No
2024-10-17 04:48:00,349.03792480110513,480.43306636348666,15.084158876396987,1.0778009994848652,3436.197981061134,ON,1058.2205870267635,68.76540836255273,207.7098761089814,2.4213870150495134,5.232707521805331,No
2024-10-17 04:49:00,354.9314361545522,482.7365316611472,15.474345044180328,0.6058032212435263,3280.654912607434,ON,1046.2838378856934,60.370110907774496,237.3770799470999,1.7306368598267794,5.215464854323662,Yes
2024-10-17 04:50:00,354.8203582317541,465.59049578503726,16.748715841589814,0.24331097413951142,3006.659621859468,ON,1001.7166694284417,78.93619982302334,238.35690433769747,1.9512030549227928,5.249452249204878,No
2024-10-17 04:51:00,356.3288113135293,468.926011222129,16.928851171768866,0.5850359537615647,3040.787172455873,ON,981.8750498558966,67.83004768892022,234.23944747562973,1.1583089334785872,5.086947954396704,No
2024-10-17 04:52:00,374.2056690358797,447.2318937997879,15.948284387854859,0.28616367448124874,3220.5834781046474,ON,1047.3755954287783,77.47785868241213,227.8599843337649,1.1933158818975302,5.219737260543966,No
2024-10-17 04:53:00,356.8030145227097,464.6445619879009,15.380473648736679,0.7420222247137399,2737.191186799979,ON,1033.734748890431,76.39217478982857,221.3911459866933,2.003836596660753,5.211375768348028,No
2024-10-17 04:54:00,346.33765047064026,483.3557474527968,17.047921750904578,0.6872842093018456,3534.688377124597,ON,969.0817489977935,64.99495227758592,212.54453964001138,1.337421422401119,5.223167268419506,No
2024-10-17 04:55:00,364.4613075243254,478.6280752415985,16.7972211958746,0.8873518893324803,3288.3493472755113,ON,960.2553176499155,75.16594932181575,205.70263742867363,3.052543319667251,5.207234521731919,No
2024-10-17 04:56:00,367.8420573338696,477.50998582071816,16.339473493881115,0.36273546249163036,3445.4069194097747,ON,896.3822409152001,66.74278725068159,225.44493555149032,0.9692384439438753,5.072678722608661,No
2024-10-17 04:57:00,331.5858827729451,470.7466053077144,15.59379882553129,0.610202428868444,2883.879211838166,ON,1007.7015920841794,60.666497065980295,202.39554411179802,1.599912350667948,5.0682200247891025,No
2024-10-17 04:58:00,358.96100104774786,470.1059473794227,15.975485329580982,0.1904934613720094,3448.913032071051,ON,995.86511274908,67.87700916988929,205.0911860623691,2.008350433633775,4.978573181411545,No
2024-10-17 04:59:00,360.51759113466346,460.0951829078983,15.919819959477584,0.8104484345774143,3646.2997822055495,ON,1056.8095687321272,71.9881875088814,237.29369884307215,1.8174335311021077,5.28175345098453,No
2024-10-17 05:00:00,345.5365474496001,480.48242630303804,16.16542565230779,0.7556613541320366,2935.8243289245365,ON,1017.9527546740184,67.68631676001831,248.5097356258313,1.4479272716680405,5.28276575097352,No
2024-10-17 05:01:00,370.6356021996743,476.31459416584084,16.725500719065668,0.7487415063082712,3354.280358980753,ON,1066.7114597086345,68.4647582953745,225.89942707249722,1.521036080252366,5.284355029122212,No
2024-10-17 05:02:00,347.7491661945121,477.38028271989197,16.4397085205687,0.6004857094070823,3200.2219889374587,ON,965.1317886041915,75.71783022464307,236.59685728441966,1.5046729612503809,5.230678996246145,No
2024-10-17 05:03:00,351.88364680207314,462.1094773599863,15.46131196150762,0.7244318672366372,2891.113230350351,ON,1056.907516548381,70.53246990145045,216.31227523834025,1.8566391525899686,4.986688078228189,No
2024-10-17 05:04:00,347.40392263574194,437.6998562019313,16.68824822500977,1.0813017324925789,3298.576794370374,ON,973.5541810447672,65.78350844357524,199.93488720868473,2.9759645447587117,5.097328950821473,No
2024-10-17 05:05:00,350.233685713722,486.45729067630543,16.156566070006576,0.5144717228873958,3366.7206409674695,ON,1038.8798030896137,73.51015161833664,229.18257427927875,2.0389686482791047,5.217041541759311,Yes
2024-10-17 05:06:00,333.55587369657195,462.8174381598739,16.343532897929457,0.6415935551130253,3079.7746894662305,OFF,927.0620803734653,70.98837783477123,228.53933984905095,2.591450244693762,5.21355180027918,No
2024-10-17 05:07:00,328.3992367610856,457.0583635393532,16.7332704296393,0.2741621102455771,3433.1833040510446,OFF,1011.7567649683094,57.39197599268979,221.07502830820366,2.253488172914071,5.177725178684798,No
2024-10-17 05:08:00,373.9175759483746,480.4021836787099,15.444209875243224,0.3395217115205003,2866.6473186421604,ON,900.7656029277045,72.14176456885724,216.36436812842334,2.5569311989911103,5.236891720290825,No
2024-10-17 05:09:00,337.29557977522506,464.11981040121304,15.98208721064677,0.6293439879279922,2901.048770710071,ON,986.6431257029122,71.9591435385805,234.43315867871647,0.6000178487032071,5.201165170768525,No
2024-10-17 05:10:00,335.12911475815537,485.8990457606993,15.734272724320393,0.9311800640105721,3227.3194791177507,ON,1022.0176996938957,70.1006056479043,205.21400449858788,1.8477709894258854,5.2120770465551365,No
2024-10-17 05:11:00,317.69914829594427,479.25508924365045,15.216070287317272,0.5231157527245283,3205.077055594454,ON,973.9515724384452,74.45850290534787,208.39329131664013,2.6535677115753566,5.136093466716798,No
2024-10-17 05:12:00,340.41557378465745,480.25353984800716,16.17335498880246,0.5292250412063628,3056.685302315179,ON,947.4781185622016,66.63803207836749,204.87840239859358,1.714132088625333,5.298201098612159,No
2024-10-17 05:13:00,330.1536530988875,449.51066433199196,17.255778275792213,0.47793442664868757,3361.918887194377,ON,1042.3059234647967,71.68249894410451,221.2745944395374,2.881236582434806,5.156922839131962,No
2024-10-17 05:14:00,374.63022740204553,488.179159780796,15.079961127747124,0.4395729987467031,3306.17886284319,ON,994.8268605076538,62.165203144163236,203.68160481836114,2.741945076883881,5.066935091697937,No
2024-10-17 05:15:00,365.1472563401395,473.91875796850786,15.983859694475266,0.6884914367126465,3371.6278141868033,OFF,975.5214676484665,72.03545191699416,209.73636729227135,1.7654346419362688,5.1229000987181275,No
2024-10-17 05:16:00,339.67774482233415,464.46084291130694,16.32027146753739,0.1508227064464066,3175.3727129295467,ON,1002.0947960577138,79.76529847769947,209.41366656659204,1.7484182404768216,5.165153380863802,No
2024-10-17 05:17:00,383.78653708016463,472.15082701013375,16.061539100828092,0.9842818730000182,3320.5160535956684,OFF,1131.8334570972795,65.02571823766229,216.09087501499062,1.4931970788227655,5.299400278836885,Yes
2024-10-17 05:18:00,364.7264823048739,443.3564715065252,15.94343597374213,0.4003733105611618,3110.869939394001,ON,1057.6751424890772,66.20098934006113,197.68938330394036,1.6852028840681013,5.195773200156521,No
2024-10-17 05:19:00,345.12752924737066,476.12979217221005,15.350391818277087,0.8165710456314423,3610.763738017319,ON,1058.1286834093921,66.44992278554224,221.30807488055902,1.3837054679155423,5.181385178103436,No
2024-10-17 05:20:00,312.5089142768964,454.55942737726895,16.11639337147008,0.21900042078183724,3037.490845975603,ON,1021.7773159496182,70.64999112900797,238.70955475997016,2.214405590216503,5.075133657523738,No
2024-10-17 05:21:00,384.3641385888611,449.709945712347,15.621618011492037,0.8006520391638654,3621.0594858916625,ON,1008.3242636288574,64.6848186357314,222.03237058475142,1.2719767533267832,5.2785482589829575,No
2024-10-17 05:22:00,329.15641299854605,447.16461220673165,14.905039147510724,0.8015833823443492,3206.9775894178815,ON,880.1958855834791,72.1062368934549,243.11981717201982,2.301866508095111,5.134804784597661,No
2024-10-17 05:23:00,325.3190187956466,486.69032562484887,16.597296110256867,0.715260621601769,2924.8978220862514,ON,966.0509826768434,74.23419972734582,240.00997278815387,2.3140393484501245,5.189997214105866,No
2024-10-17 05:24:00,365.3385564801446,460.56104909460817,16.47919290992102,0.3016714434600623,3473.6158700977203,ON,975.9712793398762,72.67173606726892,231.66602570871783,1.1693977974080387,5.348018307688187,No
2024-10-17 05:25:00,386.5962860950891,493.0059156487475,16.02583048842554,0.6748644568794231,3225.180277678992,ON,906.2553967976233,61.15792287180964,221.12028763955328,2.77490930316417,5.25087633310493,No
2024-10-17 05:26:00,370.76409227765777,461.9629780542155,16.11453734410285,0.24508314457968328,3370.2248196760474,OFF,942.1292104892283,74.97583832579303,220.3375058236816,2.256804647207611,5.037174595228483,No
2024-10-17 05:27:00,358.45863680078537,444.3896306361058,16.53715900635778,0.5241710234711444,3444.7711837085185,ON,900.9581764538683,74.6868370712684,231.4569965854489,2.3748490107224347,5.023048976364753,No
2024-10-17 05:28:00,358.9213151249793,453.2521334007701,16.112169828389042,0.9088239302865977,3267.591110829005,OFF,998.0838082151314,74.15080686173152,214.12494085743953,1.6206673992286138,5.193568954988075,No
2024-10-17 05:29:00,362.8012333817046,488.5371743001041,16.45200877738066,0.8390105781212226,3081.5518310374373,ON,1040.9382985424409,71.86421124327913,191.76218872798805,2.3111895592365594,5.07872593851252,No
2024-10-17 05:30:00,361.3839288468015,467.66152733095,15.851258899563074,0.6045548827621299,3395.14267553385,ON,1055.3387259312165,71.10094657102566,227.3800608115444,2.563196724861033,5.2648546747633,No
2024-10-17 05:31:00,354.21787135954065,461.775690552641,16.65599186928697,0.3075580272231474,3200.1511014909192,ON,1020.7392231039621,75.16194699063199,203.03397055097543,1.9506958004976613,5.204226306496498,No
2024-10-17 05:32:00,351.56301655927814,472.4002733877918,16.160392862966344,0.793676313652258,3337.171563721684,ON,951.8301829400716,79.61756743801728,205.56788157714422,3.0009612296241803,5.216538476902387,No
2024-10-17 05:33:00,349.06110308150716,477.52674104251315,16.097025971802935,0.6058143713094075,2769.253885241708,OFF,903.3967420740021,65.23479768317576,220.0033592199368,2.022032317456469,5.129325681835764,No
2024-10-17 05:34:00,338.69053116699985,486.76098223853694,15.364969455643983,-0.09609467946912698,3289.39634340197,ON,912.1565650299249,75.39062697897386,218.57312683669795,2.570392900226237,5.374138365528671,No
2024-10-17 05:35:00,345.7898738469984,491.7274884483939,16.143477927150855,0.8347889478949554,3072.282834970994,ON,936.5508711372751,69.56891450996274,198.81886590526554,2.1465044036293275,5.484259372801046,No
2024-10-17 05:36:00,324.6056477870692,464.6034703131637,15.584022541252775,0.5927301498390923,3530.6619274357063,ON,955.5570150982163,69.35163473985699,222.4823734619971,2.292760766428434,5.172141527624329,No
2024-10-17 05:37:00,348.52490559807876,450.10928470876945,15.680858636735753,0.9607353743949216,3324.617469577819,ON,992.0125751004207,62.31734654808981,234.49209491291572,1.164333866182614,5.2353039248415,No
2024-10-17 05:38:00,335.17113339273624,463.79802258315084,15.592312185841939,0.27141884434715857,3247.9715491698594,ON,949.2917890936516,68.57605295242303,203.07487644601326,2.1855268691076817,5.209741734306432,No
2024-10-17 05:39:00,333.44616024176344,473.9042075987433,15.466882534050388,-0.3530111439588002,3297.2619986700442,ON,1016.9487946834131,65.01367521015793,239.0872499627314,1.632512449371367,5.1740313136558935,No
2024-10-17 05:40:00,352.69841226730216,455.54361610684083,17.062385701508482,0.6837251575035556,3000.3118294246565,ON,988.3863248600263,67.68072785247027,196.59743762305084,1.576800847111156,5.116792953226721,No
2024-10-17 05:41:00,370.88003429516897,455.64273627657434,16.6656695309942,0.6874691030045919,3524.6513381056106,ON,1000.5272855870513,64.50906808110925,251.7598621655643,2.8720515922329892,5.091503201251952,No
2024-10-17 05:42:00,363.7747490900347,475.1568182232483,16.96018375107213,0.09279851171806441,3598.274083683381,OFF,1057.0125276335602,67.75545806343497,213.83109354274774,1.8931148759688257,5.086440273447447,No
2024-10-17 05:43:00,326.44249094565237,469.2702147264432,15.388552490222217,0.3064501362400181,3278.5827021096434,ON,940.9884132899815,67.96944821488299,222.18425495240336,1.4983490845122516,5.240524002554915,No
2024-10-17 05:44:00,335.1555779514449,470.4919549311738,16.035626874955447,1.4265653231159705,3518.0807137147276,ON,1020.9352289146184,70.483774592194,191.61949641271494,1.8204341859455626,5.148032552179637,No
2024-10-17 05:45:00,364.1115678198232,458.62256997949896,15.353246187397952,0.508316815753859,3086.1703602654934,ON,999.3013385761964,61.92625068854335,219.06795900296038,1.349774885539043,4.942170714985947,No
2024-10-17 05:46:00,335.2626890969253,466.5439892869135,15.652152561401468,0.8192876929128647,3040.577286755004,ON,983.3256859515152,62.77240926127338,223.42723266577286,2.716942234098135,5.244485822059833,No
2024-10-17 05:47:00,346.6305027500446,456.1365028359754,15.540936508291713,0.4048020517894849,3208.1849497457847,ON,1044.262816043298,71.80957135365263,218.7075684385076,1.6521596279167425,5.196173871753585,No
2024-10-17 05:48:00,358.2507814853683,483.3529761668718,16.61979200322078,-0.02709086965594698,3286.98820767358,ON,1043.9507077278504,66.01280941464951,211.5537838442144,2.2646499669718345,5.334667300140115,No
2024-10-17 05:49:00,335.47483317704547,485.5287400208563,15.80188516094912,0.5489225259612284,3121.202663751376,ON,952.6754602005786,75.37264895114966,205.80153222208278,2.6780533571051626,5.237312239709101,No
2024-10-17 05:50:00,351.5806325921894,442.3071820664286,16.53418966684701,0.5203186319141684,3307.5536380736967,ON,990.8919708071038,71.12634861007524,236.95789929305965,1.7499236593926353,5.052132640368971,No
2024-10-17 05:51:00,329.9896175762269,456.0573370971139,16.302060444794257,0.4800365283994885,3261.277896414683,ON,1014.0605841292032,73.03381075103204,220.46210702496924,2.266011216136393,4.977032335927002,No
2024-10-17 05:52:00,340.9794853407318,447.55206117364884,17.151819376052394,0.5656077493480822,3000.338644941789,ON,986.3496625988707,77.05346160210448,243.11128564775157,1.484956972547785,5.128052761566207,No
2024-10-17 05:53:00,354.79672901213803,460.24964098389654,15.260277888430139,0.6792804814936909,3303.7586034903443,ON,1029.2510666143899,68.45144594096713,212.10276467807614,3.2228847845568422,5.137489257930635,No
2024-10-17 05:54:00,326.10509399702494,468.7484304531446,16.6296166198934,0.554964914623858,3372.705648504304,ON,1014.0596008955138,67.12756647291862,213.47807959941676,2.4681900673083113,5.294315920100017,No
2024-10-17 05:55:00,356.607121069406,448.25532170452203,16.573220435200362,0.22079814961579086,3234.293863518078,OFF,1091.6280620178006,74.35851292799407,232.23391366894245,1.903696780619597,5.199112906771043,No
2024-10-17 05:56:00,349.7054330160998,456.1721028031203,15.513310580986483,0.7458554374685816,3430.5296206523385,ON,923.4860432035106,72.54756781964844,195.65537556994653,1.613583134555518,5.3133688498098515,No
2024-10-17 05:57:00,358.28734931625723,454.94063941877755,16.50356666823658,0.015188473403273006,2956.51924130061,OFF,993.8782005126301,69.0633484508935,201.79804959770615,1.9430017235801869,5.067516694429736,No
2024-10-17 05:58:00,353.3587120109699,473.10900994098415,16.168072481513114,-0.01510723718526008,3293.59008442637,ON,954.5748744243905,76.95728983477971,236.46227457029744,1.8300081388242404,5.296526438438045,No
2024-10-17 05:59:00,370.4621064496077,471.04016505554375,15.886261870023295,0.8217541484104703,2965.943858720645,ON,1030.2053727719522,68.93877845080034,202.42099106165207,2.976472276999753,5.272098915343092,No
